countrycode,country,currency_unit,year,rgdpe,rgdpo,pop,emp,avh,hc,ccon,cda,cgdpe,cgdpo,cn,ck,ctfp,cwtfp,rgdpna,rconna,rdana,rnna,rkna,rtfpna,rwtfpna,labsh,irr,delta,xr,pl_con,pl_da,pl_gdpo,i_cig,i_xm,i_xr,i_outlier,i_irr,cor_exp,statcap,csh_c,csh_i,csh_g,csh_x,csh_m,csh_r,pl_c,pl_i,pl_g,pl_x,pl_m,pl_n,pl_k,type,cases,rgdpe_per_pers,cases_per_pers
AGO,Angola,Kwanza,2019,228151.0156,227855.7188,31.825295,16.64496231,,1.481984377,155943.7188,198750.4219,227771.6094,223289.3125,1371321.25,0.017415317,0.380316734,0.325579017,222151.0625,155270.7031,198864.7344,1367457.875,1.003396273,0.937804401,0.917950809,0.331142336,0.109524034,0.043387678,364.825805,0.381504148,0.373183519,0.380674779,Extrapolated,Extrapolated,Market-based,Regular,Regular,,48.8889,0.498669744,0.191709593,0.199723393,0.344350696,-0.113983102,-0.120470256,0.438168645,0.342871785,0.24002412,0.476485759,0.611626506,0.209101334,0.378033251,confirmed,97263.0,7168.8578409092515,0.0030561539178191434
ALB,Albania,Lek,2019,35890.01953,36103.04297,2.880917,1.075897694,,2.964992046,33399.16797,40868.31641,35808.34375,36288.32813,229818.3281,,,,37204.77344,33426.44141,40984.5625,227804.6406,,,,,,0.027731989,109.8508333,0.419904172,0.426662356,0.421018928,Extrapolated,Extrapolated,Market-based,Regular,,,78.8889,0.714311898,0.205827802,0.206071287,0.126593605,-0.313949287,0.061144684,0.473077238,0.456882417,0.235588595,0.62983191,0.525462806,0.299344361,,confirmed,248070.0,12457.845724121866,0.08610799964039227
ARE,United Arab Emirates,UAE Dirham,2019,681525.8125,645956.25,9.770529,5.808834076,,2.746694803,306771.1563,515623.3125,678241.1875,635332.8125,4510359.5,,,,647986.25,306717.0313,533594.3125,4506529.0,,,,,,0.036909029,3.6725,0.716486454,0.620932877,0.662868738,Extrapolated,Extrapolated,Market-based,Regular,,,,0.355746329,0.328728735,0.127104774,0.889651537,-0.701230943,-4.84921e-07,0.725060999,0.480579555,0.692487717,0.688881695,0.647336185,0.268753558,,confirmed,828328.0,69753.21525579628,0.08477821415810752
ARG,Argentina,Argentine Peso,2019,991646.3125,977420.5625,44.780677,20.64321518,1609.068998,3.09680438,826692.5625,930002.375,991465.4375,978558.8125,3374818.5,0.031311926,0.812184334,0.742373288,975569.0,822399.5625,921896.5,3399148.5,1.022263288,0.931500852,0.875392675,0.543917656,0.119155519,0.035492208,48.14789167,0.433223814,0.453534245,0.459516078,Extrapolated,Extrapolated,Market-based,Regular,Regular,,80.0,0.620382965,0.105573431,0.224423245,0.102728277,-0.079542153,0.026434273,0.476809144,0.616059721,0.312738955,0.647736371,0.631129622,0.377945632,0.758449674,confirmed,7940657.0,22144.513636986776,0.17732329057910404
ARM,Armenia,Armenian Dram,2019,41048.62891,43582.57422,2.957731,0.966090977,,3.135994673,42821.80469,46950.61328,41045.19141,43795.6875,98945.86719,0.001158021,0.820758283,0.846244395,43260.19531,43101.3125,47185.84766,98812.77344,1.059019089,1.136325955,1.167809367,0.548671961,0.093098164,0.032631971,480.4451288,0.309524953,0.333115786,0.312195152,Extrapolated,Extrapolated,Market-based,Regular,Regular,,93.33336667,0.757309675,0.09427435,0.220453396,0.089797787,-0.197262198,0.035426978,0.348212659,0.57778722,0.176623538,0.666217089,0.587047994,0.432371885,0.617076576,confirmed,352399.0,13878.418595200172,0.11914504733527154
ATG,Antigua and Barbuda,East Caribbean Dollar,2019,1986.163208,1603.854492,0.097118,,,,1787.816772,2415.362061,1979.578003,1631.650513,10975.73145,,,,1511.545044,1772.28833,2443.897217,10993.36328,,,,,,0.027289992,2.7,0.80029428,0.839554131,1.018577814,Extrapolated,Extrapolated,Market-based,Outlier,,,47.7778,0.808960915,0.384607643,0.286749691,0.029887568,-0.609531581,0.099325761,0.899943829,0.951401711,0.519169033,0.766929209,0.571458817,0.672265649,,confirmed,6023.0,20451.03078728969,0.06201733973104883
AUT,Austria,Euro,2019,498022.25,477705.5,8.955102,4.550281048,1611.374223,3.381046295,329967.7813,479295.4063,496070.75,478329.3438,2875459.75,0.036331538,0.803705812,0.774540484,476723.3125,329227.875,480350.9688,2878110.75,1.040850878,0.998128593,0.989646196,0.583859503,0.05260032,0.04276967,0.893276257,0.959664285,0.897201478,0.93047893,Extrapolated,Extrapolated,Market-based,Regular,Regular,,,0.511577547,0.312185794,0.178256333,0.529936731,-0.577150583,0.045194253,0.940321863,0.759177923,1.015175104,0.676696837,0.639682829,0.689651549,0.59033078,confirmed,1625651.0,55613.24147954987,0.18153349900425478
AZE,Azerbaijan,Azerbaijanian Manat,2019,162126.1875,159346.0,10.047718,5.027178764,,,122913.8047,142133.1406,162095.7969,157517.125,273638.75,0.004605429,,,143939.8125,122699.9922,142034.2188,275832.3125,1.099258661,,,0.254187077,0.213515565,0.056179516,1.7,0.264033914,0.29641512,0.30503124,Extrapolated,Extrapolated,Market-based,Regular,Regular,,76.66666667,0.564358711,0.122014232,0.215961531,0.24050577,-0.141402602,-0.001437648,0.306550652,0.503503501,0.152927577,0.518311024,0.612807631,0.354582101,0.901026607,confirmed,634488.0,16135.622785193613,0.0631474728888689
BDI,Burundi,Burundi Franc,2019,8664.988281,9109.688477,11.53058,5.0035882,,1.416526079,9894.192383,10998.05371,8660.569336,9166.323242,18806.58398,0.000284004,0.196675405,0.226955757,9250.675781,9873.473633,11112.49902,18935.97461,1.116163969,0.93894887,0.995549262,0.606218219,0.080174774,0.041114029,1845.622891,0.324728936,0.346668929,0.327541411,Extrapolated,Extrapolated,Market-based,Regular,Regular,,67.7778,0.870565891,0.120425709,0.208840996,0.044958826,-0.252394021,0.007602562,0.329780936,0.54332298,0.303669333,0.650271893,0.475957841,0.354543835,0.482056648,confirmed,37042.0,751.4789612491305,0.0032125010190293983
BEL,Belgium,Euro,2019,589449.125,517419.75,11.539328,4.921936512,1586.430997,3.149034023,394579.1563,583349.9375,586966.375,523688.5938,3496175.0,0.042660255,0.828750432,0.887872159,534102.3125,393544.125,584597.75,3498440.75,1.042251348,0.994152188,0.997614443,0.594810963,0.058639355,0.042378787,0.893276257,1.005610228,0.90822494,1.01796639,Extrapolated,Extrapolated,Market-based,Regular,Regular,,,0.552580118,0.360463798,0.200881287,1.248495698,-1.362420917,2.18375e-16,0.946841002,0.704664707,1.167271376,0.667259037,0.606859505,0.62665242,0.586335838,confirmed,2830719.0,51081.75493408282,0.24531055881243694
BEN,Benin,CFA Franc BCEAO,2019,36740.74219,38295.49609,11.801151,4.300300598,,1.918609619,32134.76563,39112.125,36650.51953,38397.95313,88006.9375,0.000990917,0.431101918,0.422331691,39131.94531,32105.36328,39578.89844,88271.80469,1.188961387,0.998202205,1.001592755,0.617155015,0.127126396,0.045825057,585.9110132,0.363466114,0.392988175,0.375103831,Extrapolated,Extrapolated,Market-based,Regular,Regular,,68.88893333,0.709212422,0.181711763,0.127674997,0.033679686,-0.127646863,0.07536795,0.37486282,0.528954268,0.300159365,0.65854311,0.592603028,0.330675572,0.644392908,confirmed,26309.0,3113.318539013694,0.002229358814237696
BFA,Burkina Faso,CFA Franc BCEAO,2019,43608.875,43084.15234,20.321378,6.95875597,,1.286242485,37025.31641,46124.65625,43519.10547,43177.33984,86375.10156,0.001495008,0.429312915,0.441084564,41563.88281,37004.70313,46831.16406,86734.50781,1.223266125,0.972841859,1.023988008,0.460928023,0.199276507,0.058053084,585.9110132,0.358616203,0.367443323,0.370351762,Extrapolated,Extrapolated,Market-based,Regular,Regular,,62.22223333,0.681804597,0.210743457,0.17571269,0.119412959,-0.189707026,0.002033304,0.347729921,0.403360873,0.400857449,0.632870972,0.519219279,0.259644061,0.667696774,confirmed,20514.0,2145.9605249210954,0.0010094787863303364
BGD,Bangladesh,Taka,2019,756355.5625,759470.625,163.046161,65.53406525,2418.882693,2.101790428,602002.0625,802032.5,752750.875,757204.5625,2843306.5,,,,766135.3125,602186.6875,806958.75,2844179.25,,,,,,0.040487308,84.4535225,0.374945194,0.39993459,0.397582263,Extrapolated,Extrapolated,Market-based,Regular,,,62.22223333,0.729772747,0.264169633,0.065259494,0.088678896,-0.110007785,-0.037873,0.374309391,0.475141406,0.382055223,0.684669912,0.651656806,0.277324557,,confirmed,1699964.0,4638.9044541809235,0.010426274311358976
BGR,Bulgaria,Bulgarian Lev,2019,159419.9688,149432.4219,7.000119,3.420418501,1645.246464,3.186015129,125855.8672,153789.9063,159243.7344,150325.4375,458279.1563,0.005260708,0.72962749,0.717905402,148186.9219,125416.5,153762.0781,456857.2813,1.058309913,1.018590808,1.048852324,0.527658761,0.148052514,0.053235367,1.747041667,0.416034639,0.426550955,0.451856822,Extrapolated,Extrapolated,Market-based,Regular,Regular,,87.7778,0.585945487,0.185823798,0.251277208,0.334064871,-0.454821229,0.097709842,0.45914185,0.473931968,0.315514296,0.666178465,0.552354097,0.344140291,0.706237257,confirmed,891277.0,22773.894100943144,0.12732312122122494
BHR,Bahrain,Bahraini Dinar,2019,74097.22656,77077.60938,1.641172,0.743663609,,2.229506969,38913.15625,65401.71484,73728.82813,77180.33594,428701.6563,0.004559279,0.865924597,0.705721319,76237.61719,38817.84766,65646.26563,429310.6563,1.121821284,0.961610675,0.928431511,0.29705289,0.154326513,0.034297358,0.376,0.5540604,0.523188472,0.499791414,Extrapolated,Extrapolated,Market-based,Regular,Regular,,,0.342502266,0.343203485,0.161682546,0.277852088,-0.368763596,0.243523166,0.584734321,0.477835834,0.48908183,0.660238028,0.674447417,0.316470921,0.688695967,confirmed,334164.0,45148.97071117469,0.20361302776308637
BHS,Bahamas,Bahamian Dollar,2019,14412.81836,12887.3916,0.389482,0.207315564,,,10031.15527,14340.18457,14354.98535,12962.30176,76626.07813,0.000876402,,,12739.76367,9907.073242,14298.27148,77112.60938,1.052599311,,,0.39721027,0.130924672,0.041120786,1.0,0.99938637,0.945929229,1.047560811,Extrapolated,Extrapolated,Market-based,Regular,Regular,,,0.571230054,0.3324278,0.202641413,0.553790092,-0.635448039,-0.024641354,1.093544126,0.821484327,0.733963013,0.742338717,0.60462296,0.626360834,1.081507564,confirmed,32137.0,37005.094869596025,0.08251215717286035
BIH,Bosnia and Herzegovina,Convertible Marks,2019,46953.84375,45538.42578,3.301,0.690263569,,,44572.96484,54686.30469,46885.875,45816.26563,138297.5,0.001568177,,,45161.16406,44552.14453,54849.53516,138891.9219,1.087837934,,,0.671102285,0.100602329,0.05543673,1.747086461,0.429889768,0.430073023,0.440113366,Extrapolated,Extrapolated,Market-based,Regular,Regular,,64.44446667,0.709347129,0.220736861,0.263516158,0.286275893,-0.46500957,-0.014866502,0.468733817,0.430880755,0.325327188,0.615781069,0.522488654,0.300647557,0.489728719,confirmed,334141.0,14224.127158436837,0.101224174492578
BLR,Belarus,Belarussian Ruble,2019,201465.0156,204795.3438,9.452411,4.306441784,,,167731.6719,201248.7813,201463.5156,205916.1875,656323.125,0.007642472,,,200419.1875,169555.8438,205159.2656,659330.25,1.048210025,,,0.592541456,0.0524562,0.043182191,2.091783333,0.266696751,0.31311354,0.30634287,Extrapolated,Extrapolated,Market-based,Regular,Regular,,86.66666667,0.54553622,0.162770659,0.269026607,0.247753918,-0.329537272,0.104449891,0.309203267,0.545399845,0.180501387,0.645969331,0.581762314,0.403224081,0.389451593,confirmed,728804.0,21313.611479653184,0.07710244507988491
BLZ,Belize,Belize Dollar,2019,2680.849365,2186.921631,0.390353,0.158518478,,3.612769604,2424.055664,2915.569092,2676.101807,2218.947021,9956.207031,,,,2384.417236,2415.777832,2916.569824,9975.77832,,,,,,0.0507861,2.0,0.699287355,0.712461174,0.859244823,Extrapolated,Extrapolated,Market-based,Regular,,,63.33333333,0.853991032,0.22150746,0.23844406,0.72890538,-1.017049789,-0.025798043,0.727437079,0.777432442,0.598468721,0.640662313,0.512957811,0.484483987,,confirmed,47147.0,6867.756530627406,0.120780421823324
BRA,Brazil,Brazilian Real,2019,3089273.5,3080048.5,211.049527,93.95682526,1707.795058,3.091373205,2566911.0,3094944.5,3084710.0,3079724.5,13677290.0,0.165537909,0.506779969,0.489813656,3042119.0,2559893.0,3096299.75,13716485.0,1.014481544,0.970512033,0.994360507,0.57799536,0.099884383,0.047844715,3.927341871,0.613449275,0.59901768,0.599987328,Extrapolated,Extrapolated,Market-based,Regular,Regular,,84.44443333,0.649944842,0.171454787,0.183542386,0.132833183,-0.137775272,1.37799e-07,0.599449754,0.52886194,0.663023174,0.646921754,0.638165236,0.357598811,0.545480669,confirmed,24142032.0,14637.670806056816,0.11439036297863867
BRB,Barbados,Barbados Dollar,2019,4848.387207,3506.667969,0.287025,0.132258624,,2.846072435,4121.657227,4896.383301,4836.072266,3577.581055,33888.20703,0.000355386,0.366483182,0.482403845,3355.104248,4117.183105,4921.396973,33979.57422,0.932850063,1.011278033,1.00656569,0.750565946,0.019066535,0.035754088,2.0,1.081315994,1.077156067,1.456068993,Extrapolated,Extrapolated,Market-based,Regular,Regular,,,1.005086184,0.216550186,0.146993071,0.176246047,-0.750625432,0.205749884,1.075386405,1.055024862,1.121860385,0.704299808,0.58867538,0.722721279,0.423381597,confirmed,39709.0,16891.863799320618,0.1383468338994861
BTN,Bhutan,Ngultrum,2019,8528.711914,8987.999023,0.763092,0.320460737,,,7158.87793,9847.899414,8497.946289,8979.651367,61204.9375,,,,8922.638672,7128.860352,9578.03418,61362.53906,,,,,,0.045407228,70.41996909,0.255274981,0.301774085,0.285585701,Extrapolated,Extrapolated,Market-based,Regular,,,63.33336667,0.504761696,0.299457192,0.292471677,0.030469043,-0.08568579,-0.041473843,0.299536496,0.425566882,0.178886309,0.594679356,0.602691233,0.219301701,,confirmed,3811.0,11176.518577052308,0.004994155357414309
BWA,Botswana,Pula,2019,39315.9375,37975.00781,2.303697,0.921595812,,2.938816071,27926.60938,40322.22656,39212.87109,38095.60938,186374.6094,0.001745762,0.62282443,0.634024143,38448.84766,27844.61719,40672.07422,185835.8906,1.11067307,0.982204616,1.053907514,0.277960986,0.175923765,0.044219784,10.75586667,0.457593858,0.467718214,0.481435359,Extrapolated,Extrapolated,Market-based,Regular,Regular,,51.1111,0.491375655,0.325381756,0.24169071,0.199912846,-0.302066088,0.04370521,0.502110422,0.490527719,0.367088318,0.68779093,0.569940031,0.324760348,0.878403604,confirmed,245904.0,17066.453400772756,0.1067432045099681
CAF,Central African Republic,CFA Franc BEAC,2019,4532.561035,4642.44873,4.745185,1.844327927,,1.56162703,5007.587891,5774.982422,4523.73877,4653.580566,31822.44531,0.000359621,0.212691322,0.253853947,4558.394043,5010.036621,5703.895996,31898.41406,1.045536876,1.020293832,1.057673454,0.16431579,0.101561487,0.031044649,585.9110132,0.463356555,0.490812272,0.477117866,Extrapolated,Extrapolated,Market-based,Regular,Regular,,35.55553333,0.861471772,0.164904073,0.21460025,0.016788397,-0.131944269,-0.125820249,0.495755792,0.669973135,0.333295971,0.685964346,0.632491231,0.38013646,0.597470224,confirmed,13611.0,955.1916384714189,0.0028683813170614
CHE,Switzerland,Swiss Franc,2019,617131.8125,646919.625,8.591365,5.01120472,1556.882844,3.702678442,341060.4063,538317.9375,613829.625,644661.75,3225664.0,0.05101173,0.924899161,0.742800415,648257.25,340705.0,541024.4375,3221460.25,1.03562808,1.020054579,1.003983736,0.68410033,0.030625358,0.05008585,0.993841435,1.354843855,1.191577315,1.134588003,Extrapolated,Extrapolated,Market-based,Regular,Regular,,,0.450471401,0.305986106,0.078581899,0.685595334,-0.592603862,0.071969077,1.310078859,0.909287691,1.611459017,0.709606886,0.723222494,0.917411625,0.524511278,confirmed,1966600.0,71831.63705650964,0.2289042544461794
CHL,Chile,Chilean Peso,2019,447186.625,440683.3438,18.952038,8.100071907,1914.4,3.145768881,335944.1875,447498.0938,445883.9063,441291.0938,2075795.0,0.015935378,0.750685573,0.732140958,443616.2188,335363.7188,448321.625,2085805.0,1.071668267,1.004681587,1.012325406,0.439614415,0.108962156,0.041827131,702.8974226,0.652022064,0.633165181,0.639754891,Extrapolated,Extrapolated,Market-based,Regular,Regular,,90.0,0.580852866,0.252789855,0.180422857,0.240418822,-0.250545025,-0.003939345,0.693844616,0.57637769,0.517378569,0.656785011,0.629424989,0.405794829,1.149658918,confirmed,1984190.0,23595.701158893833,0.10469533672315347
CMR,Cameroon,CFA Franc BEAC,2019,92642.14844,94487.52344,25.87638,10.36527634,,1.895813227,81851.67969,97836.21875,92454.82813,94377.69531,249906.4375,0.002896758,0.441917807,0.440597743,93489.34375,81804.49219,98280.99219,250076.7188,1.097192168,1.000060797,1.022422552,0.503528833,0.137648776,0.047827065,585.9110132,0.393035114,0.420328081,0.411764264,Extrapolated,Extrapolated,Market-based,Regular,Regular,,56.6667,0.719867826,0.169367731,0.14740999,0.077260002,-0.124618016,0.010712439,0.41058892,0.560086608,0.307312191,0.537255049,0.560804129,0.368428916,0.771268308,confirmed,114113.0,3580.18194353306,0.004409929054991463
COL,Colombia,Colombian Peso,2019,695683.625,707659.625,50.339443,21.19960785,1968.367262,2.598787069,627769.875,738905.75,695070.3125,706174.3125,2194572.5,0.025199855,0.638708174,0.642762542,695584.4375,624830.75,737301.0625,2196754.75,1.073464751,1.018356085,1.038632035,0.495211363,0.112819634,0.038317889,3280.831631,0.433281779,0.465856194,0.458530992,Extrapolated,Extrapolated,Market-based,Regular,Regular,,81.1111,0.662843525,0.157377407,0.226129428,0.102263279,-0.126333192,-0.022280481,0.474050909,0.649858236,0.31377694,0.546825111,0.590673268,0.453162581,0.751100063,confirmed,5761398.0,13819.85146319557,0.11445096839867695
COM,Comoros,Comoro Franc,2019,2659.691406,2730.402588,0.850886,0.201388389,,,2751.916748,3095.677979,2658.228271,2746.731934,12915.60156,,,,2735.202637,2749.571533,3117.366943,12924.09277,,,,,,0.031073058,439.4631103,0.426190615,0.438578159,0.424446464,Extrapolated,Extrapolated,Market-based,Regular,,,47.77776667,0.803764522,0.125152856,0.198123127,0.084921248,-0.211962447,7.25196e-07,0.47705099,0.537744045,0.219855562,0.640236914,0.586041749,0.344542861,,confirmed,7814.0,3125.790535982493,0.009183368864924326
CPV,Cabo Verde,Cabo Verde Escudo,2019,3953.553223,3998.619385,0.549935,0.212166578,,,3530.956787,4512.958984,3941.941895,4044.035645,19152.57422,0.000201151,,,4090.601563,3523.072754,4482.833984,19195.67969,1.070922136,,,0.626747847,0.041470736,0.039369747,98.49517859,0.444474488,0.502758801,0.490066409,Extrapolated,Extrapolated,Market-based,Regular,Regular,,64.44443333,0.650370419,0.242827281,0.222756565,0.025016159,-0.363360435,0.222389981,0.463990569,0.712330163,0.387494445,0.611659706,0.537418664,0.478819311,0.425848335,confirmed,55401.0,7189.1282115159065,0.10074099666324203
CRI,Costa Rica,Costa Rican Colon,2019,97161.35938,93491.82813,5.047561,2.256355524,2069.245457,2.694771767,81095.86719,95721.96094,97073.26563,93967.24219,236104.75,0.002709962,0.744464934,0.729373336,94038.67969,80833.10938,95469.65625,236931.3594,1.062246919,1.028939366,1.003138423,0.579785943,0.144130185,0.048747163,587.2945957,0.614812791,0.636364102,0.657398701,Extrapolated,Extrapolated,Market-based,Regular,Regular,,91.1111,0.633876026,0.155651018,0.229146719,0.177417934,-0.285355926,0.089264236,0.656626403,0.755857408,0.499146223,0.686921477,0.600664139,0.562825024,1.109221816,confirmed,643496.0,19249.169921869194,0.12748652269878463
CYP,Cyprus,Euro,2019,33665.64063,28053.96875,0.868495,0.366567165,1805.239785,2.904392004,25822.46484,33675.10547,33543.33984,28377.01367,214205.0625,0.002158908,0.681838632,0.77820611,28697.79688,25843.20898,34073.375,215441.2656,1.02830255,1.021807551,1.002974749,0.55271405,0.079663217,0.034274697,0.893276257,0.773313105,0.732345104,0.865676045,Extrapolated,Extrapolated,Market-based,Regular,Regular,,,0.750564575,0.276725471,0.159413666,0.180232391,-0.593343437,0.226407349,0.748361647,0.597626746,0.890791774,0.688420951,0.545167863,0.459788859,0.589357674,confirmed,241888.0,38763.194526163075,0.278513981082217
DEU,Germany,Euro,2019,4308861.5,4275312.0,83.517045,44.79519653,1386.196834,3.675377846,3078229.25,4048756.25,4297892.0,4274167.5,20907856.0,0.257094502,0.908784688,0.827945769,4314067.5,3071796.75,4060906.25,20957202.0,1.032844663,0.990668237,1.002454877,0.641904414,0.044736132,0.037005533,0.893276257,0.913335562,0.898376167,0.903362751,Extrapolated,Extrapolated,Market-based,Regular,Regular,,,0.536769331,0.227068081,0.183424518,0.603715062,-0.550977051,0.0,0.881662011,0.850929201,1.006024241,0.701677203,0.673799157,0.830244124,0.622766972,confirmed,8909503.0,51592.60004948691,0.1066788581899659
DJI,Djibouti,Djibouti Franc,2019,6934.768066,5970.281738,0.97356,0.372467875,,,5086.481445,8845.979492,6891.835938,6095.722656,11176.5166,0.000138489,,,4778.252441,5075.581055,8653.740234,11186.58008,1.180414796,,,0.633568585,0.116590276,0.066440262,177.72,0.509023547,0.459431827,0.519434571,Extrapolated,Extrapolated,Market-based,Regular,Regular,,58.8889,0.626534104,0.616743565,0.207900465,1.153430104,-1.604608297,1.77729e-12,0.506906748,0.392335862,0.515402734,0.676320136,0.577942193,0.565237582,0.97015208,confirmed,15349.0,7123.102906857307,0.015765849048851636
DMA,Dominica,East Caribbean Dollar,2019,840.083313,741.6141968,0.071808,,,,916.637085,1069.638306,839.1471558,753.6078491,2821.068848,,,,765.7719727,916.1255493,1077.663574,2833.898438,,,,,,0.040546142,2.7,0.672141969,0.694037974,0.772815704,Extrapolated,Extrapolated,Market-based,Regular,,,50.0,0.898236036,0.203024939,0.318095595,0.071524434,-0.502717853,0.011836901,0.707016528,0.825217962,0.573663354,0.748007596,0.546867728,0.628595173,,confirmed,8517.0,11699.021181483957,0.11860795454545454
DNK,Denmark,Danish Krone,2019,322637.5,311838.0,5.771876,2.971836567,1380.607643,3.59926486,205815.2813,297974.6563,321613.5625,312004.0625,1594880.0,0.021039983,0.914099216,0.839620173,311263.6563,205050.125,298115.4688,1598105.625,1.039087653,1.026076198,1.017729998,0.620392084,0.058174238,0.042991955,6.669446615,1.18972075,1.088586926,1.122114658,Extrapolated,Extrapolated,Market-based,Regular,Regular,,,0.446605474,0.295378715,0.213050321,0.523103178,-0.515128732,0.036990989,1.158098936,0.862729669,1.256007671,0.673927963,0.604830384,0.835327387,0.731464148,confirmed,1438181.0,55898.20363431231,0.24917046034946005
DOM,Dominican Republic,Dominican Peso,2019,190792.6563,192514.5,10.738958,5.12667942,2142.10201,2.767153978,153096.5781,199471.9531,190204.0938,192885.8594,774568.875,0.00760838,0.607320666,0.604046166,195627.875,152966.625,200570.8438,776113.0,1.135214448,1.006134868,1.021434069,0.426877469,0.163489208,0.034040216,51.29485833,0.458189577,0.46761018,0.461108804,Extrapolated,Extrapolated,Market-based,Regular,Regular,,70.0,0.645083189,0.240429088,0.14863272,0.071047701,-0.203038186,0.097845532,0.484640062,0.498709947,0.343391448,0.698148608,0.577168226,0.326058388,0.775826752,confirmed,542056.0,17766.403062569014,0.05047566067396855
DZA,Algeria,Algerian Dinar,2019,488952.375,507487.5625,43.053054,11.27345371,,2.383965492,365349.0938,518958.8125,487570.8125,503848.3125,2487455.25,,,,481677.125,364103.2813,520122.875,2492357.0,,,,,,0.044345099,119.3535583,0.283178478,0.351042092,0.339701176,Extrapolated,Extrapolated,Market-based,Regular,,,52.2222,0.446116716,0.30487296,0.279000521,0.136288255,-0.135641977,-0.030636493,0.331239551,0.512450516,0.206329703,0.519367814,0.606340408,0.327125698,,confirmed,238885.0,11356.973073269088,0.0055486191525460655
ECU,Ecuador,US Dollar,2019,195248.4063,195204.0156,17.373662,8.246670723,1551.642809,2.76246953,144930.3438,194450.0469,194528.1875,194288.4531,1162897.125,0.013353598,0.424816161,0.408914745,194146.8281,144713.1406,195264.5156,1165263.5,1.050468445,0.978546798,0.97625953,0.666959107,0.03368029,0.039995827,1.0,0.556005597,0.552288413,0.552969873,Extrapolated,Extrapolated,Market-based,Regular,Regular,,66.66666667,0.59837687,0.254877269,0.147577584,0.195758685,-0.17788963,-0.018700814,0.559093177,0.541409254,0.543486416,0.58709532,0.586689174,0.352912545,0.310279697,confirmed,658045.0,11238.18376920191,0.037876010250458426
EGY,Egypt,Egyptian Pound,2019,1101849.125,1210669.75,100.388073,26.79464722,,2.676786423,1076649.875,1191591.75,1100661.125,1212398.375,1822150.5,0.020963883,1.171235085,1.107124805,1287589.0,1075373.125,1209770.375,1837650.25,1.104656696,1.013954759,0.978194833,0.362035632,0.282855809,0.054470941,16.77058184,0.266082615,0.288335145,0.261761576,Extrapolated,Extrapolated,Market-based,Regular,Regular,,85.5556,0.772291541,0.094805419,0.115741618,0.033312012,-0.084862716,0.068712123,0.279996157,0.496772438,0.173243791,0.758467555,0.764500797,0.306315899,1.118359923,confirmed,411749.0,10975.896758173652,0.004101572902988187
ESP,Spain,Euro,2019,1932678.625,1886595.25,46.736776,19.87201309,1685.951506,2.985405207,1364310.625,1868718.625,1926702.125,1889426.625,11827519.0,0.122773647,0.838133276,0.797255397,1896315.375,1360893.75,1867740.75,11733525.0,1.03315258,1.002305031,1.003471732,0.555432141,0.073548056,0.037513707,0.893276257,0.778481245,0.723251641,0.737520337,Extrapolated,Extrapolated,Market-based,Regular,Regular,,,0.536944151,0.266963542,0.185132369,0.268881321,-0.315479487,0.057558078,0.787650287,0.573868036,0.751888096,0.663767874,0.629928768,0.482414573,0.584308982,confirmed,9280890.0,41352.41645679625,0.19857788222277037
EST,Estonia,Euro,2019,49209.03125,44876.34766,1.325648,0.67297554,1797.214536,3.659491062,33610.70703,47387.75,49077.12109,45079.35156,219444.0938,0.002637491,0.63934809,0.646392465,44788.53906,33568.46484,47573.89453,219529.2969,1.068453074,1.064455032,1.056689739,0.588352978,0.066460058,0.044980232,0.893276257,0.644818187,0.641258121,0.698126733,Extrapolated,Extrapolated,Market-based,Regular,Regular,,,0.498721749,0.305617601,0.246868074,0.769579172,-0.81509316,-0.005693469,0.686045766,0.632572889,0.561530292,0.661395252,0.590104043,0.52730751,0.568789423,confirmed,296466.0,37120.737367687354,0.22363855261728605
ETH,Ethiopia,Ethiopian Birr,2019,286037.6563,304937.2188,112.07873,58.06097031,,1.455194354,248479.4844,321696.0625,284914.375,304722.5625,648750.0,,,,249437.2188,249344.25,321875.0313,645510.1875,,,,,,0.04668415,29.06975,0.290096015,0.325536817,0.304375619,Extrapolated,Extrapolated,Market-based,Regular,,,61.1111,0.703534544,0.240272895,0.111894026,0.009129456,-0.087932885,0.023101971,0.296542645,0.445814461,0.249562785,0.608570457,0.590014637,0.273724675,,confirmed,462514.0,2552.1136463626954,0.00412668844481018
FIN,Finland,Euro,2019,261017.3438,248551.5469,5.532156,2.673705339,1590.694538,3.50445199,193049.7813,259182.4063,260316.4844,249282.9844,1281196.5,0.015575872,0.806985915,0.806955993,248022.4219,192498.3281,259878.7813,1284489.125,1.037010908,0.984099269,0.980636358,0.571271718,0.06121001,0.037876289,0.893276257,1.051617146,1.034495711,1.080283642,Extrapolated,Extrapolated,Market-based,Regular,Regular,,,0.543934762,0.265291333,0.230485454,0.432647675,-0.479986131,0.007626878,1.040507555,0.984516263,1.077835202,0.675364256,0.616117001,0.917873085,0.85835278,confirmed,371135.0,47181.84805345331,0.0670868645063516
FJI,Fiji,Fiji Dollar,2019,12235.46387,12240.17773,0.889953,0.308247536,,2.701597691,9502.083008,11936.82422,12212.16504,12362.8252,28567.25195,0.000373862,0.789444745,0.733100533,12043.99316,9481.212891,11950.84473,28814.74023,1.080953121,1.002928615,1.014035106,0.48862648,0.254764289,0.081372283,2.160398532,0.465459973,0.450734854,0.445241958,Extrapolated,Extrapolated,Market-based,Regular,Regular,,57.7778,0.586148798,0.196940526,0.18245244,0.131052598,-0.428234488,0.331640124,0.465536505,0.393267035,0.465214163,0.637530565,0.516472876,0.2857081,0.871859074,confirmed,61898.0,13748.438254604456,0.06955198757687203
FRA,France,Euro,2019,3018884.75,2946958.25,67.351247,28.53256416,1504.912353,3.230137348,2233350.0,3039703.0,3010224.0,2950146.25,17987252.0,0.215777665,0.888051331,0.880027771,2965338.5,2227413.25,3045946.5,18013436.0,1.037202716,0.997133791,0.995348692,0.624132037,0.043793365,0.036413446,0.893276257,0.934080362,0.902098477,0.920469046,Extrapolated,Extrapolated,Market-based,Regular,Regular,,,0.541661859,0.273326486,0.215368405,0.274840564,-0.327384949,0.02218762,0.913002849,0.813518226,0.987091362,0.686174572,0.665961564,0.724536717,0.547756076,confirmed,16446852.0,44822.99711540604,0.24419521141160164
GAB,Gabon,CFA Franc BEAC,2019,33368.84375,33658.08594,2.172579,0.658010662,,2.876266956,17586.98633,23392.93359,33328.30078,33140.01563,128428.125,0.001980526,0.577195644,0.39185518,32012.29297,17676.05078,23674.66602,128638.4844,1.03060782,1.00148046,0.973083556,0.274864644,0.134870663,0.04775333,585.9110132,0.476456255,0.506713152,0.509592056,Extrapolated,Extrapolated,Market-based,Regular,Regular,,43.3333,0.344367296,0.175194442,0.186320007,0.316218257,-0.097891636,0.075791642,0.556469977,0.598365307,0.328570396,0.531960726,0.561089933,0.401256859,0.71601063,confirmed,46198.0,15359.093386247407,0.021264128945368613
GBR,United Kingdom,Pound Sterling,2019,3118991.25,2989895.5,67.530172,32.98249817,1667.947711,3.773596048,2414705.5,3154159.75,3110495.0,2994405.75,15302674.0,0.178386733,0.767746747,0.777788639,3016695.25,2408667.5,3163755.5,15374461.0,1.035337448,0.995244145,0.996545136,0.58964473,0.083146363,0.038087454,0.78344511,0.972623169,0.908679068,0.94390732,Extrapolated,Extrapolated,Market-based,Regular,Regular,,,0.608676434,0.246945262,0.197729126,0.227445394,-0.346070737,0.065274552,0.992262185,0.699868321,0.912167728,0.687633097,0.668252349,0.628588378,0.752910078,confirmed,15953685.0,46186.632695086286,0.2362452889946734
GEO,Georgia,Lari,2019,59386.25391,68167.48438,3.996765,1.372077227,,,51440.62891,64538.16016,59277.49609,68545.67188,297316.0,0.002983957,,,63508.82422,51239.70703,64513.66016,298215.0625,1.067098379,,,0.446427882,0.121343754,0.041398138,2.818145,0.283065677,0.299319893,0.258848339,Extrapolated,Extrapolated,Market-based,Regular,Regular,,87.77776667,0.532246232,0.191077441,0.218211487,0.082117155,-0.257204652,0.233552381,0.3368617,0.363158494,0.151850164,0.674815536,0.539805293,0.201261058,0.381164789,confirmed,1059392.0,14858.58035436159,0.2650623691910833
GHA,Ghana,Cedi,2019,168712.9844,163139.1563,30.417856,13.22072411,,2.526944876,148301.7813,175660.8906,168337.3438,162525.8906,421221.875,,,,167411.9063,148292.2813,178813.0938,423206.5938,,,,,,0.044841707,5.216183333,0.351994336,0.398005962,0.412237436,Extrapolated,Extrapolated,Market-based,Regular,,,77.7778,0.805643022,0.168336898,0.106837951,0.16866447,-0.11152114,-0.137961164,0.353232026,0.647414804,0.342661113,0.611705303,0.575986445,0.427114487,,confirmed,155665.0,5546.511378053732,0.0051175533213123235
GIN,Guinea,Guinea Franc,2019,29383.00781,29205.35156,12.771246,4.679975033,,,30094.86133,32434.49023,29377.2832,29424.21484,56857.53516,0.000916449,,,32796.19922,30049.20313,31185.22852,56792.76563,1.044613838,,,0.419600725,0.146103695,0.055717342,9183.875864,0.392617196,0.420542657,0.419871867,Extrapolated,Extrapolated,Market-based,Regular,Regular,,58.8889,0.809442163,0.079513706,0.213350207,0.203988105,-0.299031258,-0.007262897,0.412241906,0.779750705,0.318161875,0.719685793,0.626866579,0.438641161,0.906036675,confirmed,35908.0,2300.715827570779,0.002811628559969795
GMB,Gambia,Dalasi,2019,5114.541504,5655.292969,2.347706,0.688571572,,1.676809788,5043.233887,5721.441895,5104.681152,5678.666504,12008.94043,,,,5542.038574,5036.400391,5754.046387,12099.71582,,,,,,0.052854463,50.2775,0.328636378,0.357096434,0.321002036,Extrapolated,Extrapolated,Market-based,Regular,,,71.11113333,0.793577015,0.11943087,0.094524741,0.006534712,-0.150767952,0.1367006,0.334914356,0.568728745,0.275929987,0.662982941,0.577031553,0.339303792,,confirmed,11572.0,2178.52725341248,0.004929066927460252
GNB,Guinea-Bissau,CFA Franc BCEAO,2019,3262.903564,3554.279053,1.920922,0.779939353,,,3767.118896,3878.827881,3266.13208,3581.914795,6250.891602,,,,3765.965088,3769.211914,3863.308594,6255.803711,,,,,,0.02757257,585.9110132,0.397749692,0.404842705,0.369151652,Extrapolated,Extrapolated,Market-based,Regular,,,57.77776667,0.851798058,0.031186955,0.199907288,0.197089747,-0.247391969,-0.032590047,0.422006339,0.644037366,0.294393092,0.410998315,0.558717728,0.339485705,,confirmed,7293.0,1698.6132513449272,0.003796614334158284
GNQ,Equatorial Guinea,CFA Franc BEAC,2019,30121.93555,33510.15625,1.355986,0.495654613,,,27016.94141,29352.75,30225.3457,33078.69922,116049.5078,,,,28456.31641,25480.49609,27450.12695,115878.7891,,,,,,0.067254633,585.9110132,0.342319518,0.364750743,0.333287507,Extrapolated,Extrapolated,Market-based,Regular,,,36.66663333,0.343610793,0.070613697,0.473136574,0.424172312,-0.311533332,0.0,0.561296284,0.624199688,0.183289811,0.433287621,0.559062779,0.395172089,,confirmed,15732.0,22214.046125844958,0.01160188969502635
GRC,Greece,Euro,2019,302222.2813,284893.625,10.473455,4.235072613,2036.463521,3.135317564,260301.1719,306900.5625,301896.875,286884.5313,2565751.0,0.024298014,0.543691695,0.559388876,289493.2188,260046.0,307537.5,2569462.25,0.982764363,1.018970609,1.009082675,0.550890148,0.065157644,0.029317278,0.893276257,0.701786399,0.680122018,0.71571207,Extrapolated,Extrapolated,Market-based,Regular,Regular,,,0.694118679,0.162432522,0.213219061,0.205809832,-0.377414972,0.101834871,0.714134037,0.55910635,0.661589742,0.641652763,0.574447691,0.383819312,0.439473718,confirmed,1812384.0,28856.025189395474,0.17304547544243995
GRD,Grenada,East Caribbean Dollar,2019,1803.386475,1721.965698,0.112003,0.063595764,,,1559.157471,1878.578735,1798.989502,1732.567383,6703.829102,,,,1668.755981,1555.787354,1876.039307,6735.993164,,,,,,0.040290304,2.7,0.639462471,0.673499525,0.69931972,Extrapolated,Extrapolated,Market-based,Regular,,,57.77776667,0.735752106,0.184362963,0.164159462,0.032866634,-0.254811078,0.137669891,0.663672924,0.839640796,0.530952871,0.664586782,0.584969282,0.652947962,,confirmed,11344.0,16101.233672312348,0.10128300134817816
GTM,Guatemala,Quetzal,2019,139241.0781,136605.0156,17.581472,7.093373299,,1.954362869,132263.6094,153565.9844,139007.0469,137257.5313,450848.75,0.00414512,0.644572318,0.693587184,136121.1875,132020.4531,153610.9688,451812.6563,1.044934154,1.004004836,1.022326827,0.49327305,0.174151868,0.038206503,7.696698333,0.556531906,0.551845431,0.558879435,Extrapolated,Extrapolated,Market-based,Regular,Regular,,67.7778,0.810829222,0.155200019,0.152787164,0.126703903,-0.252653629,0.007133298,0.585067213,0.522747576,0.405097276,0.649136543,0.572994351,0.393034816,1.085917473,confirmed,670489.0,7919.762241750861,0.03813611283514827
GUY,Guyana,Guyana Dollar,2019,10438.49316,10184.11523,0.782766,0.257115543,,2.703484297,10096.7002,12643.43848,10426.89063,10306.14746,,,,,10396.04297,9995.639648,12610.27148,,,,,,,,208.5,0.451290369,0.496193975,0.502007186,Extrapolated,Extrapolated,Market-based,Regular,,,50.0,0.661958456,0.247108653,0.317719012,0.327076912,-0.549467683,-0.00439535,0.525085986,0.674216986,0.297539324,0.680704951,0.595399976,,,confirmed,57400.0,13335.394179103334,0.07332970517370455
HND,Honduras,Lempira,2019,51615.92578,52902.53906,9.746117,3.833400011,,2.4374547,48489.86328,59696.03516,51408.27344,53133.13281,235830.9219,0.002703963,0.3660478,0.395538151,53667.33594,48390.39844,59833.02734,236834.1875,1.056535244,0.992378354,0.966323853,0.563505113,0.09623573,0.048842251,24.50853891,0.485606164,0.488157898,0.472310811,Extrapolated,Extrapolated,Market-based,Regular,Regular,,56.6667,0.803487003,0.210907429,0.109123684,0.090149373,-0.294131279,0.080463819,0.472283065,0.49919951,0.583705246,0.645347774,0.585877895,0.311427057,0.469112962,confirmed,387515.0,5296.050291618703,0.03976096326362591
HRV,Croatia,Croatian Kuna,2019,113633.0078,107392.0391,4.130304,1.817624331,1831.32341,3.618901968,85374.13281,114018.7031,113384.4141,108094.8203,602383.25,0.006460676,0.591036022,0.599592268,112132.875,85220.91406,114214.5234,605105.1875,1.039044499,1.000680566,1.019877076,0.590545774,0.070105195,0.044798229,6.622545167,0.550248027,0.532834947,0.558909059,Extrapolated,Extrapolated,Market-based,Regular,Regular,,81.11113333,0.535511792,0.264994889,0.254296005,0.242799014,-0.473110437,0.175508723,0.60650748,0.480935663,0.431773633,0.650137007,0.547594488,0.355368674,0.443383038,confirmed,878891.0,27512.02037428722,0.21279087447316228
HTI,Haiti,Gourde,2019,17242.24609,17503.06055,11.263077,4.534677505,,1.726601243,19314.75586,24231.88086,17140.79688,17676.76563,155952.0,,,,18259.51758,19336.74414,24343.93359,155767.5469,,,,,,0.012515701,88.81496618,0.474342436,0.469709128,0.455467254,Extrapolated,Extrapolated,Market-based,Regular,,,46.66666667,1.069955111,0.278168768,0.022708302,0.138841256,-0.502036393,-0.007637037,0.475098252,0.451509029,0.438730657,0.552805066,0.521274567,0.304802299,,confirmed,28561.0,1530.86461985477,0.0025358079324149167
HUN,Hungary,Forint,2019,322164.7188,283145.1563,9.684679,4.711576939,1725.227965,3.417138577,225844.3906,311503.1875,321530.5313,284589.5,1428009.375,0.016585171,0.637249708,0.670848131,288606.0938,225706.9063,313302.3125,1436131.625,1.077645898,1.045579314,1.077004075,0.555422902,0.078185864,0.047444247,290.66,0.497449517,0.508409023,0.574402988,Extrapolated,Extrapolated,Market-based,Regular,Regular,,,0.511578858,0.300990701,0.282000661,0.689729095,-0.784299314,1.78039e-16,0.551084638,0.537304461,0.400149792,0.68445909,0.579087317,0.415229857,0.507420897,confirmed,1441385.0,33265.39979280676,0.14883146875595982
IDN,Indonesia,Rupiah,2019,3104438.75,3137931.0,270.625568,131.1706848,2019.923395,2.288165092,2051190.25,3101039.0,3087351.0,3120405.75,18173848.0,0.182558969,0.444860667,0.425197661,3110469.5,2050129.5,3119241.75,17785758.0,1.127281904,1.010215998,1.010775805,0.463750571,0.107771285,0.041685224,14147.67136,0.363814265,0.362508446,0.358668357,Extrapolated,Extrapolated,Market-based,Regular,Regular,,88.8889,0.550960541,0.336446255,0.106386736,0.089376733,-0.081947021,-0.00122329,0.377086014,0.359957159,0.295081913,0.601247847,0.66981101,0.213909402,0.380691737,confirmed,4289305.0,11471.34312896851,0.015849592600208417
IND,India,Indian Rupee,2019,8945547.0,9170555.0,1366.417754,497.6157227,2122.940682,2.171164513,6608023.5,9079422.0,8900328.0,9142121.0,35324124.0,0.416540295,0.438098222,0.418459058,9163052.0,6603997.5,9091771.0,35423256.0,1.1297369,1.020127177,0.999346554,0.521803737,0.124115296,0.057049587,70.41996909,0.312881649,0.324884921,0.316292286,Extrapolated,Extrapolated,Market-based,Regular,Regular,,75.55556667,0.649356723,0.270330966,0.073454052,0.051035259,-0.077877529,0.033700597,0.294905156,0.356979281,0.471799523,0.692823529,0.672622144,0.210068047,0.384406209,confirmed,39799202.0,6546.714556227875,0.029126672193400087
IRL,Ireland,Euro,2019,499741.0938,501053.5938,4.882495,2.260447741,1771.977942,3.185516834,149572.4844,432442.4063,496190.625,496383.5,1868599.25,0.034805156,0.932362258,0.781207442,472685.6563,149207.5313,415084.8125,1859457.25,1.230298758,0.971984863,1.100806117,0.316836327,0.190242186,0.071181245,0.893276257,1.096177936,0.8033005,0.80298841,Extrapolated,Extrapolated,Market-based,Regular,Regular,,,0.214789078,0.56986171,0.086535379,0.512966752,-0.338840604,-0.045312293,1.093603253,0.648436427,1.102568269,0.670557976,0.603306115,0.559197485,0.905969262,confirmed,1149660.0,102353.63145277159,0.23546567892030612
IRQ,Iraq,Iraqi Dinar,2019,451417.125,468582.5313,39.309783,8.772139549,,2.288905859,312326.4063,378913.25,450834.75,458890.1563,1132113.125,0.025330193,0.677262902,0.537847281,455805.0,312057.125,379502.75,1131363.375,1.059066534,0.987622499,0.908128798,0.296306312,0.143441036,0.049672898,1182.0,0.494265318,0.499589652,0.490819782,Extrapolated,Extrapolated,Market-based,Regular,Regular,,34.44446667,0.523407698,0.145104125,0.157204866,0.334050477,-0.149446264,-0.01032088,0.481733531,0.524563432,0.535989463,0.551802278,0.675586164,0.346731156,0.724572122,confirmed,2159993.0,11483.5822166711,0.05494797567312951
ISL,Iceland,Iceland Krona,2019,19886.88086,17972.625,0.339031,0.192338079,1454.494825,3.282233,14287.75195,18899.88477,19836.83203,18182.48047,93709.98438,0.001086336,0.941022992,0.940755665,17635.35938,14248.55273,19064.89258,94027.375,1.030238986,1.040648699,1.017147899,0.641832829,0.05003779,0.035788659,122.6067736,1.272201657,1.219349742,1.330293536,Extrapolated,Extrapolated,Market-based,Regular,Regular,,,0.542143404,0.253658086,0.24365437,0.452831417,-0.595359266,0.103071995,1.246636391,1.055621624,1.329085827,0.63500303,0.607754111,1.094543695,0.923480928,confirmed,58409.0,58658.00136270724,0.17228218068554202
ISR,Israel,New Israeli Sheqel,2019,364017.4688,328529.5313,8.519377,4.228710175,1900.874779,3.891540051,270357.375,356585.3125,363184.25,329783.3125,1226272.125,0.015277859,0.72020036,0.748960614,344039.4375,269575.7188,357668.4375,1228059.125,1.077744246,1.008397579,1.008972526,0.552985311,0.123591691,0.044187523,3.564527347,1.126020551,1.087873697,1.198055267,Extrapolated,Extrapolated,Market-based,Regular,Regular,,,0.57488668,0.26146847,0.244916335,0.249009222,-0.394236773,0.063956,1.128996253,0.968268752,1.119035959,0.712239563,0.589008272,0.867593169,1.338660598,confirmed,2424823.0,42728.17939621641,0.28462445082545357
ITA,Italy,Euro,2019,2508404.5,2466327.5,60.550075,25.59632874,1717.833818,3.158385038,1810091.125,2423950.0,2500243.0,2462820.0,18855818.0,0.203140244,0.708141088,0.670318365,2467813.5,1806238.125,2430690.75,18900202.0,1.012889266,0.992592752,0.991087973,0.522367239,0.071550563,0.03641247,0.893276257,0.872949421,0.801352501,0.813529253,Extrapolated,Extrapolated,Market-based,Regular,Regular,,,0.577943027,0.249250352,0.157023847,0.307117254,-0.292340577,0.001006074,0.846609354,0.59023416,0.969896913,0.704259574,0.657741189,0.474914938,0.545518696,confirmed,10001344.0,41426.94290634652,0.1651747582476157
JAM,Jamaica,Jamaican Dollar,2019,26373.17188,24867.32422,2.948279,1.244899988,,2.599545956,25364.89648,30017.83203,26322.55469,25149.85742,152178.1875,0.001468922,0.385386735,0.442395836,24640.00195,25335.66016,30139.63672,152398.2656,1.017573595,0.996240258,0.9968943,0.594869375,0.037550502,0.032145958,133.3121183,0.560269415,0.601414502,0.629457414,Extrapolated,Extrapolated,Market-based,Regular,Regular,,61.11113333,0.82926327,0.185008436,0.179287076,0.375789016,-0.569347739,0.0,0.578303814,0.825711727,0.476854295,0.637115359,0.575723767,0.596690536,0.505596161,confirmed,120682.0,8945.276847950958,0.04093303245724031
JOR,Jordan,Jordanian Dinar,2019,102984.8984,108987.2344,10.101694,2.459289789,,2.902185917,95345.95313,115551.4297,102803.0781,109624.8125,360493.6875,0.003218647,0.814721286,0.825935006,107604.0234,95093.44531,115562.8359,361080.625,1.087289453,0.964338839,0.928743303,0.490124285,0.159081697,0.028652146,0.71,0.419469595,0.432893842,0.405955672,Extrapolated,Extrapolated,Market-based,Regular,Regular,,82.22226667,0.660125315,0.184314802,0.209622622,0.117823936,-0.295589089,0.123702437,0.453097224,0.496240348,0.313572407,0.643592596,0.596740186,0.33120802,0.816364408,confirmed,1152526.0,10194.814691476498,0.11409234926340077
JPN,Japan,Yen,2019,5028348.0,5036891.0,126.860301,69.9766922,1691.08526,3.593987226,3765119.5,5003006.0,5016027.0,5031850.0,26102876.0,0.35054937,0.634822369,0.607052386,5099254.0,3752664.0,5012932.0,26138818.0,1.012054443,1.004506111,1.005843163,0.563643992,0.042121675,0.042308975,109.0096659,1.014986753,1.013245344,1.010059118,Extrapolated,Extrapolated,Market-based,Regular,Regular,,,0.531637728,0.246010229,0.216619775,0.190841421,-0.190700814,0.005591646,1.048585176,1.007948637,0.932528079,0.734815955,0.751225114,1.02722156,0.732608378,confirmed,2220382.0,39636.89160724914,0.01750257552991302
KAZ,Kazakhstan,Tenge,2019,533491.75,525124.0625,18.551427,8.820713043,,3.110008717,382911.0,468428.7813,533052.1875,520080.2188,1148598.75,0.021094443,0.761574864,0.659715056,512810.75,389042.375,477199.2813,1147050.75,1.0809232,1.027609468,1.045466304,0.380724192,0.119829699,0.05654081,382.7473106,0.289972395,0.34080562,0.349306077,Extrapolated,Extrapolated,Market-based,Regular,Regular,,86.66666667,0.515051723,0.1644319,0.221201986,0.202671275,-0.11798659,0.014629705,0.352574408,0.568414569,0.144208461,0.547628284,0.625083089,0.416343838,0.61758703,confirmed,1252265.0,28757.450841921756,0.0675023544010927
KEN,Kenya,Kenyan Shilling,2019,217529.4375,222738.4688,52.573973,25.07402229,,2.346707344,212852.0156,245250.375,217130.7813,223246.2344,540344.6875,0.006068511,0.354103833,0.374133766,227564.0625,212669.6094,245225.6094,539580.9375,1.081890106,1.032278895,1.015696883,0.682223082,0.119863071,0.05447901,101.9912984,0.42870602,0.439835727,0.427787155,Extrapolated,Extrapolated,Market-based,Regular,Regular,,57.7778,0.805771649,0.145123914,0.147668928,0.039746769,-0.127900332,-0.010410926,0.437974215,0.512956142,0.378133118,0.657731116,0.602733195,0.306802601,0.579105496,confirmed,320399.0,4137.587956306821,0.006094251237204386
KGZ,Kyrgyzstan,Som,2019,32178.34961,39366.72656,6.41585,2.670628071,,3.54983139,37087.21484,42437.53125,32201.56836,39531.11328,87622.60156,0.001127262,0.435266167,0.449403912,40511.76563,37243.91016,42908.24609,87792.65625,1.111722231,0.994155705,0.979912162,0.479843646,0.074405551,0.036252357,69.78934918,0.225363329,0.262553036,0.213872537,Extrapolated,Extrapolated,Market-based,Regular,Regular,,96.66666667,0.630093515,0.135344476,0.308084279,0.0772295,-0.188051298,0.037299551,0.278501213,0.5203439,0.116685815,0.650550425,0.671109557,0.36335817,0.451761007,confirmed,195820.0,5015.4460609272355,0.03052128712485485
KHM,Cambodia,Riel,2019,69445.99219,74190.30469,16.486542,8.731463432,2474.911893,1.963675737,54025.3125,68115.07813,69183.63281,74427.92188,210421.9531,,,,72751.4375,54020.36328,68410.30469,210893.1094,,,,,,0.039204028,4059.864017,0.372281879,0.391681701,0.36408329,Extrapolated,Extrapolated,Market-based,Regular,,,60.0,0.672653317,0.189307481,0.05322095,0.293153703,-0.425053984,0.216718614,0.375719696,0.466067612,0.328831971,0.679446638,0.641006827,0.263757467,,confirmed,121066.0,4212.283703277498,0.007343322814450721
KNA,Saint Kitts and Nevis,East Caribbean Dollar,2019,1457.379395,1211.703613,0.052823,,,,1272.781128,1722.283569,1454.193604,1223.573364,11312.90723,,,,1172.880005,1265.726563,1724.111572,11420.69629,,,,,,0.028965537,2.7,0.721304953,0.722732246,0.858953416,Extrapolated,Extrapolated,Market-based,Regular,,,44.44446667,0.659154475,0.367368609,0.381061971,0.471110612,-0.878695667,3.52401e-10,0.889353752,0.7267735,0.430616975,0.668208361,0.538472712,0.582152605,,confirmed,5254.0,27589.86416901728,0.09946424852810329
KWT,Kuwait,Kuwaiti Dinar,2019,235355.9844,261068.5313,4.207083,2.372540236,,2.272485018,150543.2188,221443.875,234497.7031,253742.5938,967252.375,0.016508946,0.790824354,0.663774908,232072.4375,150092.9688,224075.3125,973027.75,1.138752222,0.911342978,0.966191828,0.24949263,0.118818223,0.064552836,0.303611163,0.647739053,0.574093401,0.530551851,Extrapolated,Extrapolated,Market-based,Regular,Regular,,,0.397920847,0.279419631,0.195370242,0.484430104,-0.18289879,-0.174242005,0.615061343,0.417721808,0.714295447,0.524583519,0.722505093,0.272618413,0.708700061,confirmed,502630.0,55942.795613968156,0.11947232797641502
LBN,Lebanon,Lebanese Pound,2019,100265.5703,101120.8516,6.855713,2.001898289,,,93783.92969,120355.3047,100058.5156,101815.1719,583424.3125,0.006184844,,,100609.1641,91926.125,119317.2969,583640.625,1.058381796,,,0.444804221,0.146800473,0.035227481,1507.5,0.580036461,0.533358335,0.524156094,Extrapolated,Extrapolated,Market-based,Regular,Regular,,44.44443333,0.613876283,0.260976613,0.307243109,0.04200751,-0.286633402,0.062529862,0.740384042,0.368607432,0.259659618,0.700801849,0.587994993,0.280428678,0.554748535,confirmed,866894.0,14625.111975953487,0.12644840879424213
LBR,Liberia,US Dollar,2019,6062.126953,6212.169922,4.937374,1.918607593,,1.838316917,6544.963867,7767.974609,6051.369629,6232.748047,25000.24023,,,,6406.844238,6524.753418,7656.267578,24863.95898,,,,,,0.05728947,1.0,0.354584575,0.426720351,0.414302379,Extrapolated,Extrapolated,Market-based,Regular,,,54.44443333,0.812096715,0.196223348,0.237996086,0.18637763,-0.338145703,-0.094548099,0.310233563,0.81275636,0.505920231,0.768945336,0.655542254,0.460011482,,confirmed,7243.0,1227.8038797547035,0.001466974144555385
LCA,Saint Lucia,East Caribbean Dollar,2019,2766.35376,2602.488525,0.18279,0.083700001,,,2107.395996,2652.762695,2759.151611,2625.148926,11749.2334,,,,2255.114258,2105.534424,2666.945801,11785.60938,,,,,,0.039618637,2.7,0.736507297,0.769240737,0.808507204,Extrapolated,Extrapolated,Market-based,Regular,,,58.88886667,0.663513541,0.207746983,0.13925837,0.062569775,-0.359727114,0.286638379,0.759689748,0.895728707,0.626051724,0.592099309,0.660561442,0.620703161,,confirmed,19755.0,15134.054160512062,0.10807483998030526
LKA,Sri Lanka,Sri Lanka Rupee,2019,271111.0,283395.0,21.323733,8.180496216,1922.513181,2.858037472,227905.6875,286880.9063,270329.1875,283475.25,828180.25,0.008552293,0.70193994,0.683214784,284266.6875,228135.0625,286474.4063,827478.5625,1.109781981,0.995387971,0.970636964,0.411475003,0.186484307,0.064793095,178.744925,0.290224254,0.31076473,0.296353132,Extrapolated,Extrapolated,Market-based,Regular,Regular,,81.11113333,0.627929747,0.20804362,0.17604062,0.069065489,-0.123027951,0.04194849,0.327053338,0.390141994,0.158856407,0.610357642,0.591177344,0.239007667,0.669441462,confirmed,602763.0,12714.049645997724,0.028267236323020927
LSO,Lesotho,Loti,2019,5521.240234,5727.321289,2.125268,0.666798174,,1.699462175,6909.228516,8508.192383,5513.29834,5820.875,27976.6875,0.000323417,0.320039421,0.449907213,6411.652832,6904.927734,8620.072266,27933.94141,1.10003686,0.978017092,0.963526189,0.661128879,0.042097583,0.039088845,14.45178923,0.425962299,0.446207315,0.422629625,Extrapolated,Extrapolated,Market-based,Regular,Regular,,67.7778,0.858348191,0.27469483,0.328626007,0.303706199,-0.696698248,-0.068677001,0.416439742,0.533687353,0.450834543,0.604167223,0.551231742,0.31253466,0.298486739,confirmed,32049.0,2597.903056932114,0.01507998050128266
LTU,Lithuania,Euro,2019,103480.1875,89642.17969,2.759627,1.379528642,1886.084474,3.296741009,80593.03125,97968.44531,103352.4141,90408.30469,379209.5,0.004217781,0.715779305,0.745981157,92056.61719,80693.64063,98368.61719,379171.5313,1.068853974,1.03928256,1.008902311,0.535492718,0.102690391,0.043386493,0.893276257,0.524132133,0.528554797,0.604230046,Extrapolated,Extrapolated,Market-based,Regular,Regular,,,0.657728016,0.192188263,0.233705983,0.711844683,-0.795466959,0.0,0.556210101,0.549068809,0.433853775,0.657423496,0.548743308,0.460375369,0.6966663,confirmed,612500.0,37497.88920749072,0.22195028531029737
LUX,Luxembourg,Euro,2019,69541.32813,55710.79297,0.615729,0.460662842,1505.558542,3.619642973,27761.58789,44365.51172,69309.04688,56199.69141,275867.1875,0.003179648,0.983424544,0.746660948,56563.88281,27738.52734,44890.75,277529.1563,1.03770113,0.979594767,0.981342375,0.562985718,0.122810535,0.043368671,0.893276257,1.193151355,1.025911093,1.265218973,Extrapolated,Extrapolated,Market-based,Regular,Regular,,,0.349228084,0.295445114,0.144753069,0.373464197,-0.634806871,0.471916437,1.068362713,0.746287107,1.494213462,0.699133098,0.634588063,0.688324511,1.131675482,confirmed,143067.0,112941.45335041877,0.23235384398006267
LVA,Latvia,Euro,2019,59915.99609,56079.44531,1.906743,0.896588743,1864.975821,3.156420231,45493.69922,60296.60938,59795.52734,56482.9375,460683.3125,0.004074024,0.593730628,0.609586954,56261.55469,45375.11719,60375.85938,456653.8438,1.032964826,1.04382658,1.061881304,0.57134974,0.037985992,0.031370778,0.893276257,0.588100731,0.570325494,0.603773713,Extrapolated,Extrapolated,Market-based,Regular,Regular,,,0.550870955,0.26207757,0.254570544,0.398963451,-0.555468798,0.088986307,0.650935948,0.515696943,0.452130169,0.641106725,0.566306055,0.467174321,0.415505379,confirmed,339494.0,31423.215446444538,0.17804916551417785
MAR,Morocco,Moroccan Dirham,2019,281738.125,288999.75,36.471769,11.52229786,,1.935794353,208758.6094,305416.4063,280396.375,289744.2188,1531662.875,0.017817141,0.51704222,0.524172723,290480.2188,208319.5781,306705.375,1536148.25,1.076097369,1.009607673,1.011874318,0.485400736,0.104135998,0.051182348,9.6170761,0.439972192,0.426897913,0.413125128,Extrapolated,Extrapolated,Market-based,Regular,Regular,,66.66666667,0.539659798,0.333596975,0.180832967,0.15439342,-0.300930917,0.092447795,0.439127922,0.398660481,0.44249171,0.655595243,0.585767806,0.251077861,0.400343865,confirmed,1101163.0,7724.82752344697,0.030192201535384804
MDG,Madagascar,Malagasy Ariary,2019,40378.02344,41507.46094,26.969307,13.94478035,,1.720187426,38365.66797,43826.65625,40323.77734,41620.14844,101824.8828,,,,44965.42188,37990.12891,44882.71094,101956.3594,,,,,,0.040663064,3618.321858,0.316178828,0.349785328,0.338890314,Extrapolated,Extrapolated,Market-based,Regular,,,55.5556,0.807085037,0.131210178,0.114720143,0.118481278,-0.173627824,0.002131132,0.297691166,0.58588475,0.446243972,0.54529196,0.545811832,0.35438183,,confirmed,57375.0,1497.1843154887144,0.0021274184019633878
MDV,Maldives,Rufiyaa,2019,10161.58301,10306.47461,0.530953,0.189434811,,2.61097765,6115.028809,10987.5498,10085.32422,10408.5918,59680.17188,,,,11060.11328,6074.89209,11047.9248,59791.19141,,,,,,0.050228015,15.38204192,0.566936791,0.559442997,0.542067945,Extrapolated,Extrapolated,Market-based,Regular,,,64.44443333,0.405740798,0.468124926,0.18175739,0.028625522,-0.481257349,0.397008717,0.614658356,0.550038278,0.460407019,0.639031172,0.585947096,0.278571993,,confirmed,120168.0,19138.385148967987,0.22632511728910093
MEX,Mexico,Mexican Peso,2019,2463237.75,2390322.5,127.575529,54.99359512,2137.0,2.777052879,1974026.25,2418695.5,2458029.5,2391290.0,10933568.0,0.116166912,0.581408501,0.565589011,2406409.75,1971863.25,2418382.75,10934023.0,1.034341812,0.975559294,0.964533448,0.360263675,0.114671864,0.039244857,19.26363333,0.490237504,0.511157811,0.525423884,Extrapolated,Extrapolated,Market-based,Regular,Regular,,93.33333333,0.654787183,0.185953677,0.170719668,0.266321748,-0.289474726,0.011692468,0.524662018,0.604029536,0.358203828,0.723407686,0.657724857,0.460764378,0.801246703,confirmed,4685767.0,19308.073964561023,0.036729355831242524
MKD,North Macedonia,Denar,2019,33646.66016,32876.15625,2.083459,0.858669698,,,29453.8457,38233.66016,33572.37891,33106.08594,138411.6719,0.001364842,,,33739.85938,29384.0332,38201.25391,139120.6563,1.078870535,,,0.494108051,0.065505743,0.038247004,54.9472,0.343830854,0.378132969,0.383458883,Extrapolated,Extrapolated,Market-based,Regular,Regular,,82.22223333,0.616687596,0.265202403,0.272993088,0.362923115,-0.517895043,8.88832e-05,0.402758688,0.493207097,0.210713655,0.651824296,0.559643626,0.440935403,0.544888735,confirmed,256996.0,16149.422743620105,0.123350639489426
MLI,Mali,CFA Franc BCEAO,2019,47398.62109,48087.625,19.658031,6.150091648,,1.380388618,44034.39453,52613.78906,47311.73047,48250.6875,72468.17969,,,,47226.65625,43982.38672,53307.10938,72423.03906,,,,,,0.052334212,585.9110132,0.350690156,0.368463129,0.361292839,Extrapolated,Extrapolated,Market-based,Regular,,,67.7778,0.763229012,0.177808762,0.149387941,0.088253491,-0.2079276,0.029248415,0.345029175,0.459684372,0.379612297,0.527568221,0.469470173,0.360805184,,confirmed,29742.0,2411.1581210752997,0.0015129694321877913
MLT,Malta,Euro,2019,22352.87891,17134.9082,0.440372,0.22019051,1915.416717,3.163501024,13344.9375,17742.0332,22313.96484,17330.59766,62440.54297,0.000746287,0.825386286,0.812676728,17294.8418,13216.93359,17703.83789,61996.10156,1.070911169,1.040816665,1.057484984,0.513729036,0.168603927,0.057964865,0.893276257,0.671142578,0.666111946,0.857650578,Extrapolated,Extrapolated,Market-based,Regular,Regular,,,0.510641336,0.253718674,0.25938043,0.352211505,-0.854537606,0.47858566,0.721141517,0.650844216,0.572709858,0.678718567,0.554436445,0.504438162,1.121507168,confirmed,66071.0,50759.083025260465,0.1500345162726059
MNE,Montenegro,Euro,2019,12907.79004,13721.4668,0.627987,0.243799999,,,11743.16699,15313.78223,12878.2207,13872.33887,47241.96484,,,,13337.98438,11712.15625,15370.11035,47827.125,,,,,,0.040852167,0.893276257,0.410464257,0.430354625,0.399514586,Extrapolated,Extrapolated,Market-based,Regular,,,85.55556667,0.585740864,0.257391036,0.260775864,0.053543668,-0.411670923,0.254219472,0.471812129,0.495770693,0.272667974,0.643529117,0.513950586,0.337363869,,confirmed,213896.0,20554.231281857745,0.3406057768711773
MNG,Mongolia,Tugrik,2019,41388.47266,38380.40234,3.225167,1.37653482,,3.055498838,30878.64258,42685.03906,41267.35156,38103.89844,174303.7656,0.004226612,0.31519264,0.339588255,36614.54688,31088.46289,43602.4375,174470.3438,1.102158785,1.040153503,1.1899997,0.402784437,0.033747148,0.050103877,2663.541398,0.30290094,0.335685462,0.363554686,Extrapolated,Extrapolated,Market-based,Regular,Regular,,91.11113333,0.572021365,0.309847444,0.238358781,0.320382237,-0.298523903,-0.14208594,0.351783097,0.421430707,0.185591921,0.624170303,0.538672149,0.250436008,0.226664528,confirmed,430328.0,12832.970404323249,0.13342812945810248
MOZ,Mozambique,Metical,2019,35524.14844,37315.92578,30.366036,11.01795769,,1.228446841,34398.05859,47576.76953,35366.62109,37394.91406,116302.3359,0.001832587,0.283949822,0.347451836,38393.83203,34233.91406,48616.85547,117342.5,1.311575651,0.875248373,0.977071881,0.414862096,0.086364754,0.056641832,62.54833333,0.393127739,0.432519317,0.409059525,Extrapolated,Extrapolated,Market-based,Regular,Regular,,64.4445,0.709067225,0.352419853,0.21079208,0.271851867,-0.544131041,1.18913e-16,0.38497442,0.535336137,0.420554101,0.617103398,0.567853093,0.384281099,0.565585494,confirmed,222652.0,1169.864530227126,0.007332270830476523
MRT,Mauritania,Ouguiya,2019,19384.74414,21162.97461,4.525696,1.129066229,,1.825787067,16245.73535,21371.62695,19335.61328,21248.32227,97626.71875,0.001510956,0.425955385,0.412047744,22862.27148,16157.67676,21507.03711,97755.91406,1.041916728,0.996539533,0.994911432,0.40408957,0.034546699,0.047549065,36.69083333,0.325445652,0.392733634,0.357380927,Extrapolated,Extrapolated,Market-based,Regular,Regular,,54.44446667,0.568191826,0.241237432,0.196373731,0.129924789,-0.195480704,0.059752967,0.356646091,0.605992675,0.235169649,0.820981324,0.847408891,0.409870058,0.346809477,confirmed,57480.0,4283.262539065814,0.012700808892157139
MUS,Mauritius,Mauritius Rupee,2019,29455.95508,29758.16016,1.269668,0.582811475,,2.632302284,27894.0918,32524.06055,29426.18945,30030.89648,97370.29688,0.000499543,1.248934388,1.300908804,30252.94141,27834.11328,32612.02734,97371.50781,1.072069407,1.019579649,1.022856236,0.426136106,0.179826602,0.040629044,35.47351667,0.460074067,0.481898546,0.47219494,Extrapolated,Extrapolated,Market-based,Regular,Regular,,85.55556667,0.720461965,0.154173493,0.208384544,0.097314671,-0.33773151,0.157396853,0.492953062,0.613384247,0.346399277,0.642053902,0.552255452,0.382187128,1.886391044,confirmed,25159.0,23199.730228689703,0.019815416313555982
MWI,Malawi,Kwacha,2019,20362.39258,21635.06641,18.628747,7.950417995,,2.039123058,20989.88672,23826.56445,20314.86523,21734.96094,24313.98242,,,,22166.92773,20984.89258,23873.66602,24438.29492,,,,,,0.066599652,737.9166667,0.364368349,0.398686737,0.372637749,Extrapolated,Extrapolated,Market-based,Regular,,,73.33333333,0.873738885,0.130512252,0.091981158,0.067755856,-0.24153088,0.077542737,0.362767279,0.65262413,0.379576951,0.619848192,0.560214937,0.474269509,,confirmed,83927.0,1093.062919368651,0.004505241281123201
MYS,Malaysia,Malaysian Ringgit,2019,892731.0,822237.375,31.949777,15.11832333,2197.058086,3.078611374,631545.0625,823445.875,889645.8125,818144.5625,3598296.25,0.043554187,0.575231075,0.556824267,821182.8125,630582.125,826335.625,3603976.0,1.086063981,1.015575886,1.011968374,0.39598161,0.164352015,0.051062208,4.142469736,0.412969589,0.409920603,0.445745319,Extrapolated,Extrapolated,Market-based,Regular,Regular,,78.8889,0.646487594,0.234556094,0.125436008,0.433989257,-0.423889369,-0.016579561,0.412462354,0.3998864,0.41558376,0.670548677,0.590842962,0.25875926,0.585656166,confirmed,2836159.0,27941.697370845497,0.08876928937563476
NAM,Namibia,Namibian Dollar,2019,25195.9707,23331.65625,2.49453,0.742307007,,2.251428366,25127.45117,28178.25195,25191.70117,23621.18945,79837.92969,0.000975168,0.658268571,0.755242229,23732.87695,25062.07813,28104.49219,79759.50781,1.043439984,0.941202521,0.940269232,0.511087656,0.154273942,0.057187356,14.44869042,0.487763196,0.490887046,0.523524821,Extrapolated,Extrapolated,Market-based,Regular,Regular,,50.00003333,0.796738148,0.129155234,0.267029285,0.421882361,-0.644225955,0.029420931,0.480969429,0.516616166,0.508033872,0.627789259,0.531368256,0.331689835,0.717952967,confirmed,155255.0,10100.488148067972,0.06223817713156386
NER,Niger,CFA Franc BCEAO,2019,27399.27344,28226.43555,23.310715,8.869727135,,1.224986911,24881.84961,31737.02344,27302.51758,28234.16992,130140.1172,0.001554722,0.252536952,0.273015112,27602.59766,24821.65234,31961.64844,130762.5703,1.106884003,1.027931571,1.044818521,0.449940413,0.089288026,0.045533996,585.9110132,0.445348918,0.473496795,0.457872719,Extrapolated,Extrapolated,Market-based,Regular,Regular,,67.7778,0.758014262,0.242797062,0.123252958,0.089577839,-0.156626478,-0.057015698,0.426202506,0.575663686,0.563100815,0.606534898,0.655025542,0.342972785,0.529641986,confirmed,8592.0,1175.3939525235498,0.0003685858627674012
NGA,Nigeria,Naira,2019,983498.25,1001537.313,200.963599,73.02055359,,1.974245191,930095.4375,1036661.0,981853.6875,995048.3125,3203823.5,0.033792369,0.514628828,0.515652657,1006236.563,921188.6875,1044952.25,3115441.25,1.038808227,0.982489049,1.019409895,0.465241849,0.058563318,0.034205303,306.9210309,0.404958278,0.48328653,0.476877987,Extrapolated,Extrapolated,Market-based,Regular,Regular,,56.66666667,0.837362766,0.10709586,0.097361118,0.106134191,-0.078965098,-0.068988875,0.418510616,1.166928887,0.288400292,0.507702887,0.602858782,0.78294158,0.869552553,confirmed,252428.0,4893.912404504659,0.0012560881734607074
NIC,Nicaragua,Cordoba Oro,2019,33386.31641,32886.40625,6.545502,2.662456989,,2.28634882,30969.66406,34969.20703,33347.86328,33074.5,134578.375,0.00158408,0.369323462,0.37555185,33332.58203,30764.75586,33623.20703,135061.9531,1.018380523,0.90702194,0.813648939,0.552100897,0.063988291,0.040660787,33.12174527,0.354675382,0.37546289,0.378566116,Extrapolated,Extrapolated,Market-based,Regular,Regular,,51.11113333,0.702178359,0.120925218,0.234182388,0.271778643,-0.329064578,1.45276e-16,0.388614804,0.536426783,0.252910554,0.628305554,0.574858427,0.370715171,0.409962267,confirmed,17604.0,5100.650249591246,0.002689480501266366
NLD,Netherlands,Euro,2019,958314.625,950077.9375,17.09713,9.456908226,1439.731516,3.396878481,606039.125,856004.5625,955673.3125,950203.4375,4745302.5,0.059539109,0.914709628,0.79252547,960770.875,604083.75,856724.5625,4748427.5,1.0298208,0.99882704,1.00276649,0.59589386,0.06735225,0.043435697,0.893276257,1.022062182,0.94912225,0.95458591,Extrapolated,Extrapolated,Market-based,Regular,Regular,,,0.437680364,0.263065159,0.200118989,0.919172823,-0.856057227,0.03601988,0.954889596,0.772279978,1.168975592,0.66038841,0.632948101,0.709758043,0.712902904,confirmed,3954299.0,56051.198359022834,0.23128437345917122
NOR,Norway,Norwegian Krone,2019,336415.4063,396253.875,5.378857,2.853661776,1384.073291,3.662843227,216700.5156,329255.875,335132.25,388492.4688,1723067.25,0.023207922,1.030039549,0.839605749,377715.3438,215975.7969,329937.8125,1723175.125,1.054513812,0.977179468,0.996918619,0.528503537,0.061985712,0.03822932,8.8,1.288979411,1.203514099,1.038208961,Extrapolated,Extrapolated,Market-based,Regular,Regular,,,0.374180079,0.289723426,0.183618426,0.513055921,-0.333769619,-0.026808249,1.243976355,1.038969398,1.380687118,0.521928847,0.664355576,0.978129923,0.9488886,confirmed,641138.0,62544.03236598407,0.11919595557197375
NPL,Nepal,Nepalese Rupee,2019,88801.10938,103878.7344,28.60871,15.65270901,,1.823577166,82805.48438,121314.5781,88171.50781,103970.75,345289.0625,,,,103411.7344,82979.14063,123787.3203,346541.75,,,,,,0.04105258,112.6094828,0.300552666,0.348354399,0.295419008,Extrapolated,Extrapolated,Market-based,Regular,,,74.44443333,0.70102942,0.370383948,0.09540116,0.012323175,-0.203519061,0.024381377,0.292720377,0.451141745,0.358105987,0.669210732,0.621541381,0.263092875,,confirmed,918448.0,3103.9885887899172,0.032103789370439985
NZL,New Zealand,New Zealand Dollar,2019,200579.2344,198604.6094,4.783063,2.506080866,1778.984431,3.40705514,156656.2656,199965.0156,200119.9063,199241.375,656662.8125,0.008535158,0.838828444,0.809689462,196352.7813,156290.3281,200266.9219,656923.5,1.065050364,1.003140569,1.007105231,0.552415431,0.078948259,0.037720032,1.517875,1.010190606,1.034062266,1.038621783,Extrapolated,Extrapolated,Market-based,Regular,Regular,,,0.587967634,0.21736826,0.198296115,0.299130678,-0.316736102,0.013973439,1.025606871,1.120410442,0.964479983,0.663428724,0.669835687,1.20202446,1.256626368,confirmed,15687.0,41935.31099214039,0.0032796975494573245
OMN,Oman,Rial Omani,2019,146794.7969,152847.9219,4.974986,2.779465437,,,91292.46094,125512.7969,146395.1094,150306.2969,785886.75,0.008112869,,,145134.7969,90938.84375,127796.0313,783327.4375,1.093146682,,,0.30266872,0.131507665,0.040439986,0.3845,0.545430601,0.521407545,0.507839799,Extrapolated,Extrapolated,Market-based,Regular,Regular,,,0.376933843,0.227670655,0.2304423,0.49435842,-0.329405218,1.90641e-16,0.547854125,0.457319289,0.541466475,0.557464421,0.616709054,0.254880965,0.759756207,confirmed,324085.0,29506.574872773508,0.06514289688453394
PAK,Pakistan,Pakistan Rupee,2019,1036799.875,1088502.5,216.565318,63.08505249,1966.90718,1.770760417,1023950.375,1140582.625,1034836.0,1089080.25,1718255.0,,,,1078572.625,1025097.938,1138659.625,1723806.625,,,,,,0.074801646,150.0362538,0.237858161,0.248345017,0.235975564,Extrapolated,Extrapolated,Market-based,Regular,,,71.11113333,0.836615741,0.10709241,0.103581578,0.040007807,-0.087297536,-2.58201e-14,0.231672153,0.340412319,0.28782177,0.571041107,0.537926972,0.203930661,,confirmed,1381152.0,4787.469593815571,0.006377530865768637
PAN,Panama,Balboa,2019,125636.6016,126883.1875,4.246439,1.91989994,,2.888246298,86509.28906,128340.7109,124981.8828,127016.1328,524603.0625,0.005402492,0.793957412,0.771566927,129144.7891,86194.38281,128139.5156,524968.9375,1.176977754,0.92912513,0.900783658,0.306308389,0.16693069,0.037337352,1.0,0.489433497,0.534380376,0.525821924,Extrapolated,Extrapolated,Market-based,Regular,Regular,,73.33333333,0.527995467,0.329339445,0.153093502,0.129389882,-0.282493949,0.142675653,0.512313902,0.627332628,0.410522521,0.674922645,0.624726236,0.433824509,0.993059993,confirmed,644683.0,29586.343192496115,0.15181732270262213
PER,Peru,Nuevo Sol,2019,403546.3438,397821.0313,32.510453,16.89040375,2139.601759,2.838530064,315795.4375,397494.6875,402519.6563,397799.1563,1466834.875,0.017935665,0.446011633,0.428631604,399324.9688,315246.0,398414.3438,1468479.625,1.082840323,0.996043682,0.996930182,0.447212279,0.142116323,0.042067904,3.337265547,0.559578478,0.563575923,0.570263624,Extrapolated,Extrapolated,Market-based,Regular,Regular,,80.0,0.635008156,0.2053781,0.15884836,0.179468274,-0.174633339,-0.004069526,0.580074549,0.579027355,0.477643907,0.646169722,0.610004961,0.398251504,0.809629023,confirmed,2976260.0,12412.818234184555,0.09154778618433893
PHL,Philippines,Philippine Peso,2019,887058.5,913426.8125,108.116615,42.42480087,2168.2965,2.714880228,809073.6875,997788.0625,883988.1875,913573.5625,2753356.0,0.028995039,0.506685019,0.532234907,929959.5,810138.0,1002067.375,2744659.5,1.172068834,1.007624507,1.013551831,0.496991843,0.168462992,0.047949605,51.79578265,0.387974054,0.406514972,0.393350303,Extrapolated,Extrapolated,Market-based,Regular,Regular,,81.11113333,0.772145629,0.206567273,0.113468528,0.108275063,-0.200620607,0.000164076,0.380214781,0.486005306,0.440775454,0.717030525,0.639709353,0.297819257,0.721904933,confirmed,3442056.0,8204.645511700492,0.031836512824601475
POL,Poland,Zloty,2019,1259693.75,1211846.25,37.887768,16.15910721,2022.632232,3.457758427,974032.1875,1198812.625,1258024.125,1214853.0,3148161.0,0.036870193,0.886503339,0.841353655,1214221.5,971009.0,1200299.375,3155211.75,1.079256773,1.05802989,1.049561262,0.579707921,0.136893615,0.050969575,3.839375,0.462134808,0.473649174,0.49048081,Extrapolated,Extrapolated,Market-based,Regular,Regular,,82.22223333,0.576712966,0.185026884,0.225056618,0.303541422,-0.328659654,0.038321696,0.489376247,0.523543894,0.392327994,0.683008552,0.617757499,0.420247227,0.786551535,confirmed,4547315.0,33248.032715994246,0.12002066207753384
PRT,Portugal,Euro,2019,350395.375,325160.0313,10.226187,4.961589336,1864.58836,2.512750864,265977.0313,348651.7813,349450.7188,327037.7188,2913985.25,0.027246417,0.64957571,0.666031063,329200.75,265621.4688,348282.6563,2905442.25,1.025843143,1.018404722,1.026341796,0.586291552,0.05510002,0.033121172,0.893276257,0.725149333,0.683315456,0.730145395,Extrapolated,Extrapolated,Market-based,Regular,Regular,,,0.631054997,0.252798796,0.182236627,0.306556523,-0.469065219,0.096418291,0.739239275,0.548729599,0.676358283,0.668931305,0.583704054,0.390706927,0.419853538,confirmed,2254583.0,34264.51863240913,0.22047152081220497
PRY,Paraguay,Guarani,2019,85487.35938,86788.55469,7.044636,3.358279705,,2.656612158,70616.8125,85573.09375,85287.39063,86919.07813,288482.9063,0.002908962,0.616346538,0.583603024,87833.36719,70527.9375,85937.98438,288504.5938,1.084675312,0.957723141,0.987726867,0.449382842,0.134235263,0.03162358,6240.722078,0.422074884,0.446568996,0.438185811,Extrapolated,Extrapolated,Market-based,Regular,Regular,,65.55556667,0.681866944,0.172071308,0.130576238,0.150811836,-0.251056343,0.115730032,0.425312191,0.562219322,0.405169696,0.583749413,0.55850178,0.429252863,0.83481586,confirmed,542388.0,12135.099582150164,0.07699304832783412
QAT,Qatar,Qatari Rial,2019,292963.5313,323141.1563,2.832067,2.083951235,,3.259456396,86421.28906,250487.2031,290479.0313,312499.0938,1627417.25,0.029570509,0.578873813,0.446263611,304382.5,85876.22656,249761.9844,1627426.875,1.167409301,0.878763974,0.874754012,0.176196918,0.148649693,0.072000645,3.64,0.888790727,0.63159883,0.587093592,Extrapolated,Extrapolated,Market-based,Regular,Regular,,,0.155597925,0.525012434,0.120950989,0.443117648,-0.143853381,-0.100825608,0.887101591,0.496123642,0.890963733,0.526705563,0.649064124,0.332204849,0.59187007,confirmed,326093.0,103445.12728688975,0.11514310925553668
ROU,Romania,New Leu,2019,558259.5625,540045.75,19.364557,8.680299759,1791.735429,3.273047924,453761.0625,578471.9375,556987.0625,541634.25,1805810.125,0.02097859,0.784687519,0.806015432,543143.125,453782.9375,580762.5,1816084.375,1.063772321,1.045317531,1.072997332,0.504583359,0.148841113,0.05936401,4.237925,0.446003377,0.448979855,0.46170634,Extrapolated,Extrapolated,Market-based,Regular,Regular,,78.88886667,0.626303434,0.230249256,0.211459428,0.206364706,-0.313162267,0.038785372,0.468808889,0.459809721,0.378457636,0.691561699,0.569771588,0.326754242,0.683867395,confirmed,2029211.0,28828.93538437259,0.10478995207584661
RWA,Rwanda,Rwanda Franc,2019,26962.48438,28783.21875,12.62695,5.274786949,,1.919020295,25933.39258,30763.4668,26909.00586,28869.24023,50998.07031,0.000620469,0.306840956,0.314473271,29437.9375,25967.07617,31321.71094,51122.10938,1.23078382,1.031624913,1.0301193,0.74101007,0.062868111,0.046307616,899.350509,0.348451167,0.384824723,0.358694941,Extrapolated,Extrapolated,Market-based,Regular,Low capital share,,65.55556667,0.75610745,0.167308703,0.142197907,0.06361407,-0.182352841,0.053124744,0.339000404,0.580119789,0.398703694,0.632592916,0.606939197,0.390139639,0.500528634,confirmed,128205.0,2135.312516482603,0.010153283255259583
SAU,Saudi Arabia,Saudi Riyal,2019,1754526.375,1775962.375,34.268528,13.74460506,,2.713832378,1083602.125,1585255.25,1749859.375,1749947.625,7093384.5,0.127718464,0.755122602,0.657903373,1649509.25,1078462.125,1590287.25,7117218.5,1.074751854,0.953203142,0.967465937,0.280881643,0.138681769,0.058537364,3.75,0.459452689,0.453160346,0.453137517,Extrapolated,Extrapolated,Market-based,Regular,Regular,,,0.39395538,0.286667496,0.22526437,0.259594411,-0.124024831,-0.041456815,0.447854936,0.439568549,0.479735523,0.554287791,0.665020347,0.269498169,0.517020047,confirmed,657192.0,51199.35046524321,0.01917771314834416
SDN,Sudan,Sudanese Pound,2019,170039.9531,181135.7344,42.813238,10.32207203,,1.611784101,172083.625,185674.5781,169980.3594,181252.3906,317575.8125,0.005256949,0.656622231,0.646926403,182462.5625,170709.1719,184605.7031,319318.125,1.000020623,0.997130334,0.984112144,0.634985507,0.068653673,0.043246668,60.4745,0.149451271,0.156359613,0.146635637,Extrapolated,Extrapolated,Market-based,Regular,Regular,,71.1111,0.791903138,0.074983537,0.157511249,0.017122112,-0.041520059,0.0,0.164474338,0.243830323,0.073921382,0.725439847,0.625237048,0.179974183,0.213700339,confirmed,55149.0,3971.6676673696115,0.0012881296200955414
SEN,Senegal,CFA Franc BCEAO,2019,51997.69141,52927.86719,16.296364,6.142953873,,1.617536068,46366.14453,58518.46875,51816.97656,53146.42188,161783.9219,0.001814419,0.447507262,0.47390312,54101.00781,46372.08203,58857.69922,162169.7813,1.152371883,0.997327447,0.976438165,0.486178845,0.143940657,0.04614377,585.9110132,0.413418233,0.456694245,0.445270151,Extrapolated,Extrapolated,Market-based,Regular,Regular,,80.0,0.734706461,0.228657424,0.137716264,0.12482661,-0.264136434,0.038229667,0.404522598,0.621810079,0.460875839,0.629855216,0.580124557,0.369734257,0.776028574,confirmed,84374.0,3190.754171298579,0.005177473944494613
SGP,Singapore,Singapore Dollar,2019,514376.3125,477907.875,5.804337,3.759603739,2330.165875,4.351568222,229661.5,364268.7813,512273.2188,477183.5938,2148978.0,0.026995936,0.691065729,0.507372022,484399.9063,229240.0625,367374.3125,2155261.75,1.072627425,0.952998579,0.944611371,0.439468116,0.152852178,0.057399828,1.364158333,0.749281883,0.726319253,0.779728949,Extrapolated,Extrapolated,Market-based,Regular,Regular,,,0.368542343,0.282086968,0.112743065,1.149431467,-1.117444634,0.204640761,0.761577606,0.687141538,0.709088624,0.711648524,0.673213303,0.469200015,0.894616187,confirmed,316774.0,88619.30527121357,0.05457539767246457
SLE,Sierra Leone,Leone,2019,13621.9707,14651.25977,7.813215,2.535529613,,1.645116448,15875.10645,16571.34766,13634.67676,14754.47949,16960.16211,0.000315007,0.432344019,0.467018455,14164.47754,16069.4209,16143.94922,17017.89063,0.981363356,1.058223605,1.058512688,0.547566712,0.081883572,0.061025709,9010.221144,0.281796038,0.30229786,0.279354721,Extrapolated,Extrapolated,Market-based,Regular,Regular,,55.55556667,0.891897202,0.047188468,0.184054449,0.095973507,-0.219113588,-2.69268e-08,0.313719511,0.769762874,0.127100274,0.465422243,0.478456497,0.462480783,0.685519516,confirmed,7593.0,1743.4526888099201,0.000971815059485756
SLV,El Salvador,US Dollar,2019,53766.47656,52378.77344,6.453553,3.007611513,,2.30672574,53270.40234,63367.11328,53657.51953,52751.42578,195583.4375,,,,53204.8125,53276.97266,63545.0,196353.25,,,,,,0.045421977,1.0,0.502149761,0.503613293,0.512263656,Extrapolated,Extrapolated,Market-based,Regular,,,88.8889,0.826998472,0.191401646,0.182839736,0.227333635,-0.42857343,1.34627e-16,0.514319599,0.511334896,0.447104692,0.665679991,0.569396198,0.299054503,,confirmed,127012.0,8331.298520365448,0.019680941645633034
SRB,Serbia,Serbian Dinar,2019,121562.6953,120447.6719,6.99451,2.905190468,,3.473798752,108112.0703,133615.4375,121487.9063,121193.1094,621227.6875,0.006433262,0.535605967,0.567930043,123007.1094,107886.375,134954.8438,622876.5625,1.047837377,1.028206825,1.060854673,0.602678537,0.054601446,0.041163299,105.2495583,0.404128343,0.423705041,0.424735665,Extrapolated,Extrapolated,Market-based,Regular,Regular,,88.8889,0.611390173,0.210435763,0.280674309,0.2523534,-0.392902136,0.038048547,0.474015921,0.506693125,0.251892895,0.641949236,0.56135571,0.338772684,0.368140072,confirmed,1559946.0,17379.730002530556,0.22302434337787777
STP,Sao Tome and Principe,Dobra,2019,784.5307617,813.9346924,0.215056,0.064601555,,,823.2085571,958.3129272,782.8875732,821.2059326,3792.67627,4.86317e-05,,,878.1412354,821.7684326,951.8713989,3795.664795,0.944628954,,,0.738317966,0.01,0.053303994,21.88474182,0.534194648,0.538746178,0.513607681,Extrapolated,Extrapolated,Market-based,Regular,Lower bound,,63.33333333,0.792284369,0.164519444,0.21015431,0.017175622,-0.28679046,0.102656767,0.576539874,0.566479027,0.374552786,0.698977768,0.626998544,0.435973704,0.262811095,confirmed,5836.0,3648.030102391935,0.02713711777397515
SUR,Suriname,Surinam Dollar,2019,8851.334961,8418.677734,0.581372,0.22086516,,,4920.061035,8102.795898,8812.911133,8440.474609,63765.55469,0.001300846,,,8026.186523,4898.880859,8138.532227,64439.26953,1.02835393,,,0.452156126,0.01,0.071630754,7.458,0.373958319,0.41953373,0.43804571,Extrapolated,Extrapolated,Market-based,Regular,Lower bound,,71.11113333,0.354993582,0.377080083,0.227919251,0.243275166,-0.351592541,0.1483244,0.455231756,0.489986956,0.247371614,0.711500704,0.576710284,0.295172989,0.180311292,confirmed,70937.0,15224.907565207819,0.1220165401842538
SVK,Slovakia,Euro,2019,176537.5469,149921.4375,5.457013,2.468860865,1694.940165,3.849035501,131500.7813,175484.3906,176179.2969,151482.375,777340.3125,0.008877618,0.609692276,0.679293633,153090.9688,131225.0781,175902.2344,777169.6875,1.042885661,1.02229321,1.032603741,0.573765099,0.081475936,0.047764152,0.893276257,0.607671142,0.596435964,0.693675816,Extrapolated,Extrapolated,Market-based,Regular,Regular,,,0.583525658,0.290354639,0.284567267,0.853421867,-1.025321007,0.013451681,0.670131087,0.562845349,0.479592621,0.695468903,0.58530283,0.45047012,0.584220648,confirmed,1464277.0,32350.58206751569,0.2683293955869264
SVN,Slovenia,Euro,2019,82556.5,70868.51563,2.078654,1.046805859,1592.933904,3.574908018,55288.25781,75376.64063,82341.83594,71353.5625,493944.8438,0.005498183,0.630872607,0.640963852,70660.03906,55192.61328,75523.07031,494380.8125,1.030917287,1.036892653,1.044925809,0.6366992,0.050796553,0.042593651,0.893276257,0.693943858,0.657918632,0.759236455,Extrapolated,Extrapolated,Market-based,Regular,Regular,,,0.55306375,0.281533003,0.221785575,0.787163973,-0.93897897,0.095432736,0.719597876,0.558768034,0.629970789,0.66898042,0.569587171,0.432262897,0.414520025,confirmed,612017.0,39716.32604560452,0.294429472148804
SWE,Sweden,Swedish Krona,2019,560960.5,526240.8125,10.036379,5.002136707,1605.276602,3.43598628,385172.6563,539628.125,559511.0625,527787.8125,2743785.0,0.037233546,0.812524378,0.798991084,532053.6875,383728.4688,541234.1875,2757360.25,1.038183331,1.010664105,0.998262584,0.556666195,0.056161635,0.041834157,9.458349167,0.981509566,0.948835313,1.00586617,Extrapolated,Extrapolated,Market-based,Regular,Regular,,,0.466308206,0.292646885,0.263478726,0.444346488,-0.499285847,0.03250552,0.978411436,0.867353976,0.986992776,0.684664667,0.603221059,0.884887695,0.731984138,confirmed,1784005.0,55892.71788161846,0.17775384927173435
SWZ,Eswatini,Lilangeni,2019,9684.318359,8987.358398,1.14813,0.312530398,,2.15700984,8515.492188,9380.438477,9685.634766,9042.543945,31638.85938,0.000380785,0.630997181,0.629550457,9667.103516,8493.196289,9365.444336,31743.26563,1.025312781,0.960475862,0.856441796,0.612078846,0.097763106,0.052307624,14.45178923,0.461473823,0.474344939,0.508079588,Extrapolated,Extrapolated,Market-based,Regular,Regular,,66.66666667,0.687491536,0.09565296,0.254222721,0.326696098,-0.358745426,-0.005317903,0.461523235,0.601062357,0.461340249,0.677564502,0.564874232,0.345489413,0.541990817,confirmed,68118.0,8434.8622185641,0.05932951843432363
SYC,Seychelles,Seychelles Rupee,2019,3033.672119,2715.498535,0.097739,0.052472875,,,2535.680176,3390.483154,3026.9646,2779.828613,17765.37109,,,,2438.312744,2525.856689,3377.341064,17859.71484,,,,,,0.057864487,14.03325,0.541251421,0.561243892,0.611140311,Extrapolated,Extrapolated,Market-based,Regular,,,72.2222,0.570300937,0.307502031,0.341870457,0.335996449,-0.796816111,0.241146222,0.636495233,0.620549262,0.38236773,0.88225621,0.649087131,0.407593429,,confirmed,35178.0,31038.501713747835,0.35991774010374566
TCD,Chad,CFA Franc BEAC,2019,25648.60547,25755.51953,15.946876,5.955429077,,,22120.1582,26133.27344,25586.3418,25472.14844,47048.18359,0.000895201,,,24979.35742,22110.55469,26315.51953,47233.44922,1.07575655,,,0.49264279,0.123160526,0.067184739,585.9110132,0.403402597,0.440534383,0.442509353,Extrapolated,Extrapolated,Market-based,Regular,Regular,,50.00003333,0.77474463,0.157549158,0.09366104,0.163222492,-0.040743727,-0.148433581,0.402166069,0.64520371,0.413630873,0.501104414,0.627514958,0.409466594,0.739753544,confirmed,7073.0,1608.3780591258123,0.0004435351475737317
TGO,Togo,CFA Franc BCEAO,2019,17609.35156,18065.91992,8.082366,3.171970844,,1.798118234,17042.63281,19347.03711,17588.45508,18116.0918,47682.10938,0.000779292,0.240465567,0.246986642,17448.56445,17000.51953,19291.95313,47782.48438,1.095193982,1.033210635,1.084125638,0.806201458,0.01,0.039665267,585.9110132,0.394989431,0.413340062,0.401301414,Extrapolated,Extrapolated,Market-based,Regular,Lower bound,,74.44443333,0.77392441,0.127202049,0.166821152,0.079674847,-0.175193235,0.027570819,0.408704937,0.549055576,0.331359804,0.635365486,0.581135273,0.345551401,0.209358871,confirmed,36323.0,2178.7372113561796,0.004494104820296433
THA,Thailand,Baht,2019,1222506.5,1191732.875,69.625582,37.5409584,2092.9901,2.804448605,854496.8125,1095626.25,1219961.875,1192240.125,5630091.0,0.068150304,0.455224335,0.402341425,1229521.375,852375.75,1095197.5,5667202.5,1.046342134,1.031058311,1.027855277,0.637203157,0.059931803,0.062987238,31.04760578,0.418815792,0.444290102,0.454620659,Extrapolated,Extrapolated,Market-based,Regular,Regular,,80.0,0.525244534,0.20224905,0.191470861,0.268413186,-0.258172572,0.070794992,0.427808076,0.534564078,0.394148082,0.730201662,0.7043612,0.276656598,0.334129065,confirmed,2391357.0,17558.29488075231,0.034345953474399685
TJK,Tajikistan,Somoni,2019,30795.53516,36293.75,9.321018,2.682578087,,3.03216815,33561.08984,38847.40625,30830.49805,36495.99219,357036.7188,0.003101545,0.261935502,0.268152505,40990.94531,32492.17188,38613.19141,356459.3438,1.015961528,1.113750696,1.054531693,0.444266647,0.012920748,0.022653135,9.530366667,0.215688944,0.270287901,0.22832948,Extrapolated,Extrapolated,Market-based,Regular,Regular,,73.33333333,0.574065149,0.144846514,0.345517755,0.042526066,-0.164955318,0.057999786,0.302085757,0.616918743,0.072143786,0.697225749,0.619963348,0.325424105,0.17290248,confirmed,17578.0,3303.8810953910825,0.0018858455160155252
TTO,Trinidad and Tobago,Trinidad and Tobago Dollar,2019,37336.66406,39956.83594,1.394973,0.61371702,,3.08532095,32029.22461,35127.40625,37296.21484,39584.79688,78186.58594,0.000983236,1.094464421,0.934092164,35696.33203,31990.65625,35482.78516,78609.97656,1.050346017,0.95475316,1.016889691,0.33823204,0.391968518,0.03865841,6.754241035,0.627245486,0.62227571,0.586299002,Extrapolated,Extrapolated,Market-based,Regular,Regular,,47.77776667,0.66899395,0.078267001,0.140135482,0.460667461,-0.348063886,6.37917e-12,0.610033154,0.570897341,0.709415555,0.492251962,0.553549707,0.403110355,1.808845162,confirmed,106806.0,26765.151769962573,0.07656492276194593
TUN,Tunisia,Tunisian Dinar,2019,125595.5078,129698.9219,11.694719,3.687084436,,2.6992414,126960.5234,140716.5156,125568.6094,130405.375,351555.2813,0.003670598,0.766343236,0.79532361,129398.25,126708.6875,140649.2656,352645.25,1.048066139,0.987989008,0.988109827,0.501676559,0.106923893,0.043716501,2.934433333,0.282790333,0.308973789,0.297513872,Extrapolated,Extrapolated,Market-based,Regular,Regular,,71.11113333,0.766975045,0.105486341,0.206608489,0.190571487,-0.319888413,0.050247058,0.279665977,0.55063343,0.294388652,0.601334333,0.51717031,0.348157346,0.609933972,confirmed,853905.0,10739.50625064185,0.07301629051540272
TUR,Turkey,New Turkish Lira,2019,2227538.25,2248225.75,83.429615,28.08733368,1832.0,2.514292002,1555716.125,2157099.75,2219237.25,2246181.75,10235724.0,0.108281977,0.876779795,0.809816122,2242847.0,1541107.5,2163506.75,10213820.0,1.099979758,0.974271476,0.92873913,0.436831266,0.147759721,0.050661191,5.673819308,0.354356021,0.343102366,0.338986635,Extrapolated,Extrapolated,Market-based,Regular,Regular,,81.11113333,0.489421278,0.267736018,0.203183442,0.119962759,-0.147055224,0.066751741,0.393920779,0.313990444,0.259053826,0.671109796,0.636799455,0.209970966,0.458580405,confirmed,11014152.0,26699.610803669657,0.13201729385902117
UGA,Uganda,Uganda Shilling,2019,89417.125,92618.59375,44.269594,15.49187565,,2.43697238,86770.54688,99083.14063,89275.76563,92851.22656,182602.9688,,,,91112.75,86585.11719,99100.04688,182735.1875,,,,,,0.038890623,3704.049072,0.318894595,0.365262866,0.351197481,Extrapolated,Extrapolated,Market-based,Regular,,,67.7778,0.798654795,0.132605612,0.135856748,0.04766326,-0.131033078,0.016252663,0.328411013,0.692033827,0.262950867,0.683887362,0.586759746,0.430592984,,confirmed,160572.0,2019.8316027022972,0.0036271396570747862
UKR,Ukraine,Hryvnia,2019,562544.1875,578290.5,43.993638,16.49907684,,3.28966856,553559.3125,607393.375,563291.1875,580797.3125,7085837.5,0.052634861,0.392283469,0.394562453,574202.5625,569416.8125,613136.75,6927137.0,1.026404023,1.043200731,1.064727306,0.558441222,0.015162422,0.025985785,25.84558933,0.264563888,0.273004681,0.264775902,Extrapolated,Extrapolated,Market-based,Regular,Regular,,72.2222,0.644882441,0.092689879,0.30821991,0.132176116,-0.167310372,-0.010657961,0.309240699,0.359798729,0.171087444,0.659828961,0.628304839,0.222322971,0.149390772,confirmed,4055643.0,12786.944046318698,0.09218703395250014
URY,Uruguay,Peso Uruguayo,2019,73450.5,71122.78906,3.461734,1.635378838,1532.51374,2.776405811,60456.65625,71562.1875,73335.14063,71310.97656,318946.0313,0.003382168,0.693408728,0.669247806,72155.94531,60369.25781,71677.17188,321913.4375,1.022775888,0.998226523,1.00243938,0.473971903,0.112318434,0.034516085,35.255375,0.75481087,0.76424408,0.78593719,Extrapolated,Extrapolated,Market-based,Regular,Regular,,77.7778,0.684572101,0.155733794,0.163216785,0.172086999,-0.208664566,0.033054907,0.762529492,0.815597177,0.722436965,0.636915267,0.558710098,0.605637729,1.009400606,confirmed,599040.0,21217.834761423033,0.17304622481103402
UZB,Uzbekistan,Uzbekistan Sum,2019,378534.25,414768.4688,32.981716,14.62453461,,,344205.1563,419838.3438,379531.2188,416046.5625,1162961.25,0.015373635,,,395524.2813,343965.625,443774.7188,1168222.625,1.327171206,,,0.427631557,0.160069495,0.051519167,8836.7875,0.119166866,0.152612686,0.139218271,Extrapolated,Extrapolated,Market-based,Outlier,Regular,,64.44443333,0.353067905,0.181790218,0.474255711,0.059052009,-0.081742644,0.013576814,0.214631706,0.304823995,0.048096403,0.60767144,0.642989576,0.108770169,0.249714017,confirmed,215063.0,11477.093854061444,0.006520673454346645
YEM,Yemen,Yemeni Rial,2019,50052.93359,51828.05859,29.161922,5.531877041,,1.842988729,49266.47266,67992.53125,49937.04297,51983.42969,548553.3125,,,,40069.59375,49169.07031,64330.73828,550232.6875,,,,,,0.029835623,250.25,0.598363042,0.499336571,0.479679614,Extrapolated,Extrapolated,Market-based,Regular,,,38.88886667,0.647500336,0.36023131,0.300233811,0.000723247,-0.135297,-0.173391685,0.777611792,0.238807321,0.211785614,0.632594407,0.670527995,0.17169486,,confirmed,10585.0,1716.3797910851006,0.0003629733321418252
ZAF,South Africa,Rand,2019,748940.0,734094.375,58.55827,18.64270973,2191.363362,2.90820241,623669.5625,741675.9375,748245.9375,735067.0625,2897706.0,0.03389686,0.542998374,0.526934445,732851.625,622110.0,741393.4375,2892805.0,1.035865664,0.96604526,0.972628593,0.570888281,0.097021475,0.052061696,14.44842705,0.459429175,0.469673097,0.478093743,Extrapolated,Extrapolated,Market-based,Regular,Regular,,75.55556667,0.621123731,0.160538256,0.227328867,0.184206575,-0.198112309,0.004914912,0.463660091,0.523812711,0.447869182,0.660215914,0.604545832,0.312700838,0.515177131,confirmed,3582691.0,12789.653792709381,0.061181640099681904
ZMB,Zambia,Kwacha,2019,57956.18359,56783.71484,17.86103,5.225447655,,2.686845064,38698.40234,56536.86328,57695.06641,56811.10547,303724.1875,0.004759239,0.255551964,0.244595408,56282.27344,38596.13281,56428.70313,304750.2188,1.102471828,0.964358151,0.929159045,0.390300542,0.064139992,0.04363545,12.88941789,0.362360597,0.400121927,0.406347662,Extrapolated,Extrapolated,Market-based,Regular,Regular,,55.55556667,0.509846091,0.313996047,0.171330631,0.21539703,-0.238960981,0.028391184,0.373077124,0.482040584,0.330470234,0.574415982,0.531914949,0.296794862,0.34246403,confirmed,301924.0,3244.839944280929,0.01690406432327811
ZWE,Zimbabwe,US Dollar,2019,42296.0625,40826.57031,14.645468,6.831016541,,2.713407516,43961.83984,47128.78516,42325.11719,41081.72266,69588.24219,0.000837049,0.35197261,0.388344556,42694.07031,43969.49609,47204.44141,69946.42188,1.038924932,0.917616844,0.909100115,0.533381104,0.243463859,0.056593671,1.0,0.496064961,0.506572962,0.521905065,Extrapolated,Extrapolated,Market-based,Regular,Regular,,56.66663333,0.842997968,0.077088952,0.227109015,0.213561818,-0.270959347,-0.089798369,0.494755059,0.652438998,0.500927091,0.487763077,0.430081904,0.420675397,1.384067535,confirmed,228541.0,2887.9966485195287,0.015604895657823978
